match_id,player1,player2,elapsed_time,set_no,game_no,point_no,p1_sets,p2_sets,p1_games,p2_games,p1_score,p2_score,server,serve_no,point_victor,p1_points_won,p2_points_won,game_victor,set_victor,p1_ace,p2_ace,p1_winner,p2_winner,winner_shot_type,p1_double_fault,p2_double_fault,p1_unf_err,p2_unf_err,p1_net_pt,p2_net_pt,p1_net_pt_won,p2_net_pt_won,p1_break_pt,p2_break_pt,p1_break_pt_won,p2_break_pt_won,p1_break_pt_missed,p2_break_pt_missed,p1_distance_run,p2_distance_run,rally_count,serve_width,serve_depth,return_depth,new_game,game_id,p1_momentum,p2_momentum,cal_m_1,cal_m_2,Momentums
2023-wimbledon-1303,Frances Tiafoe,Grigor Dimitrov,0.0,1,1,1,0,0,0,0,0,0,2,2,1,1,0,0,0,0,0,0,0,0,0,0,0,1,0,0,0,0,0,0,0,0,0,0,8.929,6.36,2,4,0,0,1,78,47.7481268731046,44.85,1.0,1.0,3.231650664605094
2023-wimbledon-1303,Frances Tiafoe,Grigor Dimitrov,0.0091666666666666,1,1,2,0,0,0,0,1,0,2,2,2,1,1,0,0,0,0,0,0,0,0,0,0,0,0,0,0,0,0,0,0,0,0,0,5.196,5.892,1,2,0,1,0,78,45.5,47.7481268731046,0.9979145720666538,0.997852830385906,-1.235214242575719
2023-wimbledon-1303,Frances Tiafoe,Grigor Dimitrov,0.0177777777777777,1,1,3,0,0,0,0,1,1,2,1,2,1,2,0,0,0,0,0,0,0,0,0,1,0,0,0,0,0,0,0,0,0,0,0,28.364,27.314,7,3,0,0,0,78,45.85,50.985059758123015,0.9959555498945534,0.9958358099340237,-3.247760378489314
2023-wimbledon-1303,Frances Tiafoe,Grigor Dimitrov,0.0266666666666666,1,1,4,0,0,0,0,1,2,2,1,2,1,3,0,0,0,0,0,0,0,0,0,0,0,0,0,0,0,0,0,0,0,0,0,6.553,4.084,1,1,0,0,0,78,45.5,54.19982651304931,0.993933366190004,0.9937537600314568,-4.865926307465273
2023-wimbledon-1303,Frances Tiafoe,Grigor Dimitrov,0.0322222222222222,1,1,5,0,0,0,0,1,3,2,1,2,1,4,2,0,0,1,0,1,0,0,0,0,0,0,0,0,0,0,0,0,0,0,0,1.364,0.694,1,0,1,0,0,78,45.5,62.85906756032159,0.9926695255207292,0.992452505197098,-7.610483125745779
2023-wimbledon-1303,Frances Tiafoe,Grigor Dimitrov,0.0466666666666666,1,2,6,0,0,0,1,0,0,1,1,1,2,4,0,0,0,0,0,0,0,0,0,0,0,0,0,0,0,0,0,0,0,0,0,19.049,29.093,5,1,0,1,1,79,48.7481268731046,53.5,0.9893836594560692,0.989069373249777,-2.0230427563784588
2023-wimbledon-1303,Frances Tiafoe,Grigor Dimitrov,0.0525,1,2,7,0,0,0,1,1,0,1,1,1,3,4,0,0,0,0,0,0,0,0,0,0,0,0,0,0,0,0,0,0,0,0,0,9.361,18.92,1,1,1,1,0,79,51.985059758123015,53.5,0.9880567360751984,0.9877031749949088,-0.07028646168559716
2023-wimbledon-1303,Frances Tiafoe,Grigor Dimitrov,0.0586111111111111,1,2,8,0,0,0,1,2,0,1,1,1,4,4,0,0,0,0,0,0,0,0,0,0,0,0,0,0,0,0,0,0,0,0,0,0.565,0.897,1,1,1,1,0,79,55.19982651304931,53.5,0.9866666710606292,0.9862719690077748,1.4361289039095544
2023-wimbledon-1303,Frances Tiafoe,Grigor Dimitrov,0.0636111111111111,1,2,9,0,0,0,1,3,0,1,2,1,5,4,1,0,0,0,1,0,1,0,0,0,0,0,0,0,0,0,0,0,0,0,0,37.632,23.16,5,0,1,0,0,79,63.10906756032159,53.5,0.9855293832291288,0.9851010238641732,4.07819106428343
2023-wimbledon-1303,Frances Tiafoe,Grigor Dimitrov,0.0819444444444444,1,3,10,0,0,1,1,0,0,2,1,2,5,5,0,0,0,0,0,0,0,0,0,0,0,0,0,0,0,0,0,0,0,0,0,6.383,5.494,1,1,0,1,1,80,54.5,56.7481268731046,0.9813596705309742,0.98080793236121,-0.9433937080440705
2023-wimbledon-1303,Frances Tiafoe,Grigor Dimitrov,0.0913888888888888,1,3,11,0,0,1,1,0,1,2,2,2,5,6,0,0,0,0,0,1,2,0,0,0,0,0,1,0,1,0,0,0,0,0,0,67.778,54.076,15,2,0,0,0,80,54.5,60.78505975812301,0.9792118805890369,0.9785966059421486,-2.9497616193123952
2023-wimbledon-1303,Frances Tiafoe,Grigor Dimitrov,0.1127777777777777,1,3,12,0,0,1,1,0,2,2,2,1,6,6,0,0,0,0,0,0,0,0,1,0,1,0,0,0,0,0,0,0,0,0,0,1.987,1.295,0,1,1,1,0,80,57.7481268731046,56.5,0.9743485081880602,0.9735894097784488,0.3759596840022536
2023-wimbledon-1303,Frances Tiafoe,Grigor Dimitrov,0.1222222222222222,1,3,13,0,0,1,1,1,2,2,2,1,7,6,0,0,0,0,0,0,0,0,1,0,1,0,0,0,0,0,0,0,0,0,0,5.272,2.85,0,0,1,0,0,80,60.985059758123015,56.5,0.9722014177897228,0.9713788468596116,2.292930106091688
2023-wimbledon-1303,Frances Tiafoe,Grigor Dimitrov,0.1330555555555555,1,3,14,0,0,1,1,2,2,2,1,2,7,7,0,0,0,0,0,0,0,0,0,0,0,0,0,0,0,0,0,0,0,0,0,7.268,8.821,1,1,0,0,0,80,56.5,58.7481268731046,0.9697388958149832,0.9688435471470094,-1.3683773814575058
2023-wimbledon-1303,Frances Tiafoe,Grigor Dimitrov,0.1402777777777777,1,3,15,0,0,1,1,2,3,2,1,1,8,7,0,0,0,0,0,0,0,0,0,0,0,1,0,1,0,0,0,0,0,0,0,27.686,21.854,6,1,0,0,0,80,60.0481268731046,56.5,0.968097416706748,0.9671535680278318,1.8077318043881068
2023-wimbledon-1303,Frances Tiafoe,Grigor Dimitrov,0.1502777777777777,1,3,16,0,0,1,1,3,3,2,1,2,8,8,0,0,0,0,0,0,0,0,0,0,0,0,1,0,1,0,0,0,0,0,0,11.647,15.143,3,3,0,0,0,80,57.5,60.0481268731046,0.9658248854297872,0.9648139090208548,-1.3401043067885106
2023-wimbledon-1303,Frances Tiafoe,Grigor Dimitrov,0.1580555555555555,1,3,17,0,0,1,1,3,4,2,2,2,8,9,2,0,0,0,0,0,0,0,0,0,0,0,0,0,0,0,0,0,0,0,0,41.978,39.07,13,2,0,0,0,80,57.5,67.38188941012068,0.9640576041913536,0.9629944395374804,-4.412046026411682
2023-wimbledon-1303,Frances Tiafoe,Grigor Dimitrov,0.1936111111111111,1,4,18,0,0,1,2,0,0,1,1,1,9,9,0,0,0,0,0,0,0,0,0,0,0,0,0,0,0,0,0,0,0,0,0,3.649,3.795,1,1,0,0,1,81,60.7481268731046,63.5,0.9559816337394044,0.9546801709859228,-1.1516004850943575
2023-wimbledon-1303,Frances Tiafoe,Grigor Dimitrov,0.1980555555555555,1,4,19,0,0,1,2,1,0,1,1,1,10,9,0,0,0,0,0,0,0,0,0,0,0,0,0,0,0,0,0,0,0,0,0,0.888,1.238,1,0,1,0,0,81,63.985059758123015,63.5,0.9549725201162212,0.953641305047545,0.5518668634840381
2023-wimbledon-1303,Frances Tiafoe,Grigor Dimitrov,0.2019444444444444,1,4,20,0,0,1,2,2,0,1,2,1,11,9,0,0,0,0,0,0,0,0,0,0,0,0,0,0,0,0,0,0,0,0,0,7.294,9.344,1,1,0,0,0,81,67.19982651304932,63.5,0.9540896209976638,0.9527323795280483,1.9488462181339359
2023-wimbledon-1303,Frances Tiafoe,Grigor Dimitrov,0.21,1,4,21,0,0,1,2,3,0,1,1,2,11,10,0,0,0,0,0,1,2,0,0,0,0,1,0,0,0,0,0,0,0,0,0,19.989,22.562,4,1,0,0,0,81,60.8,67.24812687310461,0.9522609882499556,0.9508498559196726,-1.9085521635142273
2023-wimbledon-1303,Frances Tiafoe,Grigor Dimitrov,0.2177777777777778,1,4,22,0,0,1,2,3,1,1,2,1,12,10,1,0,0,0,0,0,0,0,0,0,0,0,0,0,0,0,0,0,0,0,0,26.962,39.849,7,1,0,1,0,81,68.19982651304932,64.5,0.9504957152544008,0.949032578066488,1.8496273048681227
2023-wimbledon-1303,Frances Tiafoe,Grigor Dimitrov,0.2327777777777777,1,5,23,0,0,2,2,0,0,2,2,2,12,11,0,0,0,0,0,1,1,0,0,0,0,0,0,0,0,0,0,0,0,0,0,8.729,6.59,3,4,0,0,1,82,66.5,68.24812687310461,0.9470921430467678,0.9455287913412774,-0.8056251495969746
2023-wimbledon-1303,Frances Tiafoe,Grigor Dimitrov,0.2427777777777778,1,5,24,0,0,2,2,0,1,2,1,2,12,12,0,0,0,1,0,1,0,0,0,0,0,0,0,0,0,0,0,0,0,0,0,1.081,0.826,1,0,1,0,0,82,66.5,72.23505975812301,0.9448237727240544,0.9431936731791518,-2.6556317801687994
2023-wimbledon-1303,Frances Tiafoe,Grigor Dimitrov,0.2480555555555555,1,5,25,0,0,2,2,0,2,2,2,2,12,13,0,0,0,0,0,1,1,0,0,0,0,0,0,0,0,0,0,0,0,0,0,7.972,7.004,3,3,0,0,0,82,66.5,74.69982651304932,0.9436268053651994,0.9419614985982838,-3.666799861366995
2023-wimbledon-1303,Frances Tiafoe,Grigor Dimitrov,0.2572222222222222,1,5,26,0,0,2,2,0,3,2,1,2,12,14,2,0,0,1,0,1,0,0,0,0,0,0,0,0,0,0,0,0,0,0,0,1.728,0.712,1,1,0,0,0,82,66.5,82.85906756032159,0.94154824915031,0.9398218282980808,-6.27501970138996
2023-wimbledon-1303,Frances Tiafoe,Grigor Dimitrov,0.2830555555555555,1,6,27,0,0,2,3,0,0,1,2,2,12,15,0,0,0,0,0,0,0,1,0,1,0,0,0,0,0,0,0,0,0,0,0,5.633,5.491,0,1,1,1,1,83,67.5,85.52133980816691,0.9356932841247508,0.9337948864907524,-7.1124286284073515
2023-wimbledon-1303,Frances Tiafoe,Grigor Dimitrov,0.2897222222222222,1,6,28,0,0,2,3,0,1,1,1,1,13,15,0,0,0,0,0,0,0,0,0,0,0,1,0,1,0,0,0,0,0,0,0,13.571,14.061,3,3,0,0,0,83,70.04812687310461,74.5,0.9341830275187034,0.9322403127616468,-1.716580581825517
2023-wimbledon-1303,Frances Tiafoe,Grigor Dimitrov,0.2963888888888888,1,6,29,0,0,2,3,1,1,1,1,2,13,16,0,0,0,0,0,0,0,0,0,0,0,1,0,0,0,0,0,0,0,0,0,19.743,20.715,6,0,1,0,0,83,67.8,77.74812687310461,0.9326730723992988,0.9306860679831772,-4.107922159440416
2023-wimbledon-1303,Frances Tiafoe,Grigor Dimitrov,0.3052777777777777,1,6,30,0,0,2,3,1,2,1,2,2,13,17,0,0,0,0,0,1,2,0,0,0,0,1,0,0,0,0,0,0,0,0,0,58.227,58.198,16,3,0,0,0,83,67.8,81.48505975812301,0.930660279732202,0.9286142662287856,-5.682865543002191
2023-wimbledon-1303,Frances Tiafoe,Grigor Dimitrov,0.3294444444444444,1,6,31,0,0,2,3,1,3,1,1,1,14,17,0,0,0,0,1,0,2,0,0,0,0,1,0,1,0,0,1,0,0,0,1,26.719,33.625,7,2,1,0,0,83,71.54812687310461,79.0,0.9251908997208408,0.9229847192786436,-2.8777387631897433
2023-wimbledon-1303,Frances Tiafoe,Grigor Dimitrov,0.3424999999999999,1,6,32,0,0,2,3,2,3,1,1,1,15,17,0,0,1,0,1,0,0,0,0,0,0,0,0,0,0,0,1,0,0,0,1,0.709,0.913,1,0,1,0,0,83,75.23505975812301,79.0,0.9222380274798282,0.9199454884374704,-0.7687059893298678
2023-wimbledon-1303,Frances Tiafoe,Grigor Dimitrov,0.3483333333333333,1,6,33,0,0,2,3,3,3,1,2,1,16,17,0,0,0,0,0,0,0,0,0,0,0,1,0,1,0,0,0,0,0,0,0,37.876,67.616,9,4,0,1,0,83,77.49982651304931,76.5,0.9209190967648898,0.9185880117777864,1.4803967205818367
2023-wimbledon-1303,Frances Tiafoe,Grigor Dimitrov,0.3641666666666666,1,6,34,0,0,2,3,4,3,1,2,2,16,18,0,0,0,0,0,0,0,0,0,1,0,0,0,0,0,0,0,0,0,0,0,10.99,12.182,2,0,0,0,0,83,70.85,79.74812687310461,0.9173405504282744,0.9149049687856904,-3.108006905495446
2023-wimbledon-1303,Frances Tiafoe,Grigor Dimitrov,0.3791666666666666,1,6,35,0,0,2,3,4,4,1,2,1,17,18,0,0,0,0,1,0,0,0,0,0,0,0,0,0,0,0,0,0,0,0,0,1.101,1.579,1,0,1,0,0,83,74.24812687310461,77.5,0.9139523122970172,0.911417912273426,-0.3586110404728444
2023-wimbledon-1303,Frances Tiafoe,Grigor Dimitrov,0.3947222222222222,1,6,36,0,0,2,3,5,4,1,1,2,17,19,0,0,0,0,0,0,0,0,0,1,0,0,0,0,0,0,0,0,0,0,0,9.979,10.399,2,3,1,0,0,83,71.85,80.74812687310461,0.9104406859991024,0.9078039985802404,-3.3770679743007626
2023-wimbledon-1303,Frances Tiafoe,Grigor Dimitrov,0.4013888888888889,1,6,37,0,0,2,3,5,5,1,2,2,17,20,0,0,0,0,0,0,0,0,0,0,0,0,0,0,0,0,0,0,0,0,0,15.624,16.332,4,3,0,0,0,83,71.5,83.98505975812301,0.9089363794976816,0.9062559160102294,-5.24310457343979
2023-wimbledon-1303,Frances Tiafoe,Grigor Dimitrov,0.4127777777777778,1,6,38,0,0,2,3,5,6,1,2,2,17,21,2,0,0,0,0,0,0,0,0,1,0,0,0,0,0,0,1,0,1,0,0,19.442,20.27,4,3,0,1,0,83,71.85,105.63689949513495,0.9063674873863372,0.903612327332184,-12.706375631589193
2023-wimbledon-1303,Frances Tiafoe,Grigor Dimitrov,0.4272222222222222,1,7,39,0,0,2,4,0,0,2,1,1,18,21,0,0,0,0,0,0,0,0,0,0,1,0,0,0,0,0,0,0,0,0,0,56.57,46.267,12,4,0,1,1,84,74.74812687310461,85.85,0.9031111770991576,0.9002614429077325,-4.181847505221292
2023-wimbledon-1303,Frances Tiafoe,Grigor Dimitrov,0.4386111111111111,1,7,40,0,0,2,4,1,0,2,1,2,18,22,0,0,0,0,0,0,0,0,0,0,0,0,0,0,0,0,0,0,0,0,0,10.752,7.593,1,1,1,0,0,84,72.5,88.74812687310461,0.9005451598060247,0.897620989731556,-6.27511485998763
2023-wimbledon-1303,Frances Tiafoe,Grigor Dimitrov,0.4452777777777778,1,7,41,0,0,2,4,1,1,2,1,2,18,23,0,0,0,1,0,1,0,0,0,0,0,0,0,0,0,0,0,0,0,0,0,1.224,0.745,1,0,1,0,0,84,72.5,93.235059758123,0.8990437122327292,0.8960760253287536,-8.08172567370025
2023-wimbledon-1303,Frances Tiafoe,Grigor Dimitrov,0.4516666666666666,1,7,42,0,0,2,4,1,2,2,1,2,18,24,0,0,0,0,0,0,0,0,0,0,0,0,0,0,0,0,0,0,0,0,0,5.429,4.271,1,1,0,0,0,84,72.5,95.19982651304932,0.8976052562807079,0.8945959048166727,-8.89527953047222
2023-wimbledon-1303,Frances Tiafoe,Grigor Dimitrov,0.4622222222222222,1,7,43,0,0,2,4,1,3,2,1,2,18,25,2,0,0,1,0,1,0,0,0,0,0,0,0,0,0,0,0,0,0,0,0,1.301,0.896,1,1,0,0,0,84,72.5,111.54527207670044,0.8952296176273113,0.8921515142480702,-14.230610162425089
2023-wimbledon-1303,Frances Tiafoe,Grigor Dimitrov,0.4916666666666667,1,8,44,0,0,2,5,0,0,1,1,2,18,26,0,0,0,0,0,0,0,0,0,1,0,0,0,0,0,0,0,0,0,0,0,30.382,34.006,8,1,0,1,1,85,72.85,106.52133980816691,0.8886092359997778,0.8853399300540631,-12.322855432571894
2023-wimbledon-1303,Frances Tiafoe,Grigor Dimitrov,0.5005555555555555,1,8,45,0,0,2,5,0,1,1,1,1,19,26,0,0,1,0,1,0,0,0,0,0,0,0,0,0,0,0,0,0,0,0,0,0.788,1.102,1,0,1,0,0,85,76.99812687310461,95.5,0.886612544121862,0.8832856896920223,-6.570082964593175
2023-wimbledon-1303,Frances Tiafoe,Grigor Dimitrov,0.5055555555555555,1,8,46,0,0,2,5,1,1,1,2,2,19,27,0,0,0,0,0,0,0,0,0,0,0,0,0,0,0,0,0,0,0,0,0,5.762,7.671,2,4,0,1,0,85,73.5,98.7481268731046,0.8854898062350675,0.882130617040802,-9.166543461169072
2023-wimbledon-1303,Frances Tiafoe,Grigor Dimitrov,0.5141666666666667,1,8,47,0,0,2,5,1,2,1,1,2,19,28,0,0,0,0,0,0,0,0,0,0,0,0,0,0,0,0,0,0,0,0,0,8.44,10.829,2,1,1,1,0,85,73.5,101.985059758123,0.8835568892111026,0.8801420744261692,-10.540373209724361
2023-wimbledon-1303,Frances Tiafoe,Grigor Dimitrov,0.5233333333333334,1,8,48,0,0,2,5,1,3,1,1,1,20,28,0,0,0,0,0,0,0,0,0,0,0,0,0,0,0,0,1,0,0,0,1,6.096,7.158,1,0,0,0,0,85,76.74812687310461,100.0,0.8815002370155334,0.8780262953909046,-8.053765651902326
2023-wimbledon-1303,Frances Tiafoe,Grigor Dimitrov,0.5283333333333334,1,8,49,0,0,2,5,2,3,1,2,2,20,29,2,2,0,0,0,1,1,0,0,0,0,0,1,0,1,0,1,0,1,0,0,14.576,15.668,4,2,0,1,0,85,74.5,138.67180176828955,0.8803788539658106,0.8768726998954304,-22.415865490243945
2023-wimbledon-1303,Frances Tiafoe,Grigor Dimitrov,0.5672222222222222,2,1,50,0,1,0,0,0,0,2,1,2,20,30,0,0,0,1,0,1,0,0,0,0,0,0,0,0,0,0,0,0,0,0,0,1.169,0.599,1,0,1,1,1,86,74.5,135.235059758123,0.8716676154082124,0.8679118784962806,-21.77767213526401
2023-wimbledon-1303,Frances Tiafoe,Grigor Dimitrov,0.5722222222222222,2,1,51,0,1,0,0,0,1,2,1,2,20,31,0,0,0,0,0,1,0,0,0,0,0,0,0,0,0,0,0,0,0,0,0,1.351,0.657,1,1,1,1,0,86,74.5,137.69982651304932,0.8705490052343287,0.8667613057768417,-22.737019359352956
2023-wimbledon-1303,Frances Tiafoe,Grigor Dimitrov,0.5777777777777777,2,1,52,0,1,0,0,0,2,2,1,2,20,32,0,0,0,0,0,0,0,0,0,0,0,0,0,0,0,0,0,0,0,0,0,5.267,4.759,1,3,0,0,0,86,74.5,140.38188941012066,0.8693064914767502,0.8654833128597196,-23.55216076166434
2023-wimbledon-1303,Frances Tiafoe,Grigor Dimitrov,0.5830555555555555,2,1,53,0,1,0,0,0,3,2,1,2,20,33,2,0,0,0,0,0,0,0,0,0,0,0,0,0,0,0,0,0,0,0,0,10.285,8.659,1,1,0,0,0,86,74.5,161.08170285742793,0.8681264834974958,0.8642696338774868,-30.140890688858608
2023-wimbledon-1303,Frances Tiafoe,Grigor Dimitrov,0.5955555555555556,2,2,54,0,1,0,1,0,0,1,1,1,21,33,0,0,0,0,0,0,0,0,0,0,0,0,0,0,0,0,0,0,0,0,0,5.019,6.263,1,4,0,1,1,87,77.74812687310461,137.5,0.8653332239901766,0.8613967618206678,-20.03798756678985
2023-wimbledon-1303,Frances Tiafoe,Grigor Dimitrov,0.6005555555555555,2,2,55,0,1,0,1,1,0,1,2,1,22,33,0,0,0,0,0,0,0,0,0,0,0,0,0,0,0,0,0,0,0,0,0,5.94,5.187,1,0,1,1,0,87,80.98505975812301,137.5,0.8642165166033599,0.8602482630285827,-18.309618038869605
2023-wimbledon-1303,Frances Tiafoe,Grigor Dimitrov,0.6080555555555556,2,2,56,0,1,0,1,2,0,1,2,1,23,33,0,0,0,0,0,0,0,0,0,0,1,0,0,0,0,0,0,0,0,0,0,13.291,15.717,3,1,0,1,0,87,84.19982651304932,137.85,0.862542103078501,0.8585262205788203,-17.06220758181518
2023-wimbledon-1303,Frances Tiafoe,Grigor Dimitrov,0.6166666666666667,2,2,57,0,1,0,1,3,0,1,1,2,23,34,0,0,0,0,0,0,0,0,0,1,0,0,0,0,0,0,0,0,0,0,0,9.283,9.139,2,0,1,0,0,87,77.85,140.7481268731046,0.8606205972128043,0.8565501166722675,-20.631765622759655
2023-wimbledon-1303,Frances Tiafoe,Grigor Dimitrov,0.6225,2,2,58,0,1,0,1,3,1,1,1,2,23,35,0,0,0,0,0,1,2,0,0,0,0,1,0,0,0,0,0,0,0,0,0,13.867,17.96,4,0,1,0,0,87,77.8,144.485059758123,0.8593195271253331,0.8552121142455918,-22.4659922224731
2023-wimbledon-1303,Frances Tiafoe,Grigor Dimitrov,0.6336111111111111,2,2,59,0,1,0,1,3,2,1,2,1,24,35,1,0,0,0,0,0,0,0,0,0,0,0,0,0,0,0,0,0,0,0,0,21.715,21.633,5,3,0,1,0,87,85.19982651304932,139.5,0.8568426456906427,0.8526650063853585,-17.272041096492483
2023-wimbledon-1303,Frances Tiafoe,Grigor Dimitrov,0.6475,2,3,60,0,1,1,1,0,0,2,2,2,24,36,0,0,0,0,0,0,0,0,0,1,0,0,0,0,0,0,0,0,0,0,0,4.418,4.119,1,4,0,0,1,88,83.85,142.7481268731046,0.8537490673432194,0.8494838712772983,-20.044192877538507
2023-wimbledon-1303,Frances Tiafoe,Grigor Dimitrov,0.6569444444444444,2,3,61,0,1,1,1,0,1,2,2,2,24,37,0,0,0,0,0,0,0,0,0,1,0,0,0,0,0,0,0,0,0,0,0,7.187,6.132,1,2,0,0,0,88,83.85,145.985059758123,0.8516470629530893,0.8473224742417804,-21.708085809160487
2023-wimbledon-1303,Frances Tiafoe,Grigor Dimitrov,0.6663888888888889,2,3,62,0,1,1,1,0,2,2,1,2,24,38,0,0,0,1,0,1,0,0,0,0,0,0,0,0,0,0,0,0,0,0,0,0.931,0.605,1,1,1,0,0,88,83.5,150.44982651304932,0.8495463981825091,0.8451625367741081,-23.512803764589027
2023-wimbledon-1303,Frances Tiafoe,Grigor Dimitrov,0.6719444444444445,2,3,63,0,1,1,1,0,3,2,1,2,24,39,2,0,0,1,0,1,0,0,0,0,0,0,0,0,0,0,0,0,0,0,0,1.267,0.621,1,0,1,1,0,88,83.5,157.8590675603216,0.8483113460924744,0.843892675045842,-25.827571793198643
2023-wimbledon-1303,Frances Tiafoe,Grigor Dimitrov,0.6975,2,4,64,0,1,1,2,0,0,1,1,1,25,39,0,0,1,0,1,0,0,0,0,0,0,0,0,0,0,0,0,0,0,0,0,1.167,1.388,1,1,0,0,1,89,87.99812687310461,148.5,0.8426362614937319,0.8380580164324097,-19.8905696802993
2023-wimbledon-1303,Frances Tiafoe,Grigor Dimitrov,0.7019444444444444,2,4,65,0,1,1,2,1,0,1,1,1,26,39,0,0,0,0,0,0,0,0,0,0,0,0,0,0,0,0,0,0,0,0,0,12.515,15.379,3,1,0,0,0,89,89.98505975812301,148.5,0.8416503393295907,0.8370444359878368,-18.31404235324259
2023-wimbledon-1303,Frances Tiafoe,Grigor Dimitrov,0.7086111111111111,2,4,66,0,1,1,2,2,0,1,1,1,27,39,0,0,0,0,0,0,0,0,0,0,0,0,0,0,0,0,0,0,0,0,0,4.322,4.753,1,3,0,1,0,89,93.19982651304932,148.5,0.8401720485313433,0.8355247106527803,-16.88953594389434
2023-wimbledon-1303,Frances Tiafoe,Grigor Dimitrov,0.7130555555555556,2,4,67,0,1,1,2,3,0,1,2,1,28,39,1,0,0,0,0,0,0,0,0,0,1,0,0,0,0,0,0,0,0,0,0,5.933,5.697,1,3,0,0,0,89,100.6090675603216,148.85,0.8391869190134137,0.8345119935957198,-14.712274905395917
2023-wimbledon-1303,Frances Tiafoe,Grigor Dimitrov,0.7244444444444444,2,5,68,0,1,2,2,0,0,2,2,1,29,39,0,0,0,0,0,0,0,0,0,0,1,0,0,0,0,0,0,0,0,0,0,31.437,30.389,8,4,0,0,1,90,104.52133980816691,148.85,0.8366639910941368,0.8319185033924037,-12.750263105641524
2023-wimbledon-1303,Frances Tiafoe,Grigor Dimitrov,0.7369444444444444,2,5,69,0,1,2,2,1,0,2,1,2,29,40,0,0,0,0,0,0,0,0,0,0,0,0,0,0,0,0,0,0,0,0,0,5.37,3.547,1,1,0,1,0,90,93.5,151.7481268731046,0.8338973820638749,0.8290746670351963,-19.432583449292142
2023-wimbledon-1303,Frances Tiafoe,Grigor Dimitrov,0.7472222222222221,2,5,70,0,1,2,2,1,1,2,1,1,30,40,0,0,0,0,0,0,0,0,0,0,1,0,0,0,0,0,0,0,0,0,0,16.715,12.803,2,0,1,1,0,90,96.7481268731046,149.85,0.8316245698738812,0.8267385309336545,-16.188796344597606
2023-wimbledon-1303,Frances Tiafoe,Grigor Dimitrov,0.755,2,5,71,0,1,2,2,2,1,2,2,2,30,41,0,0,0,0,0,0,0,0,0,1,0,0,0,0,0,0,0,0,0,0,0,4.838,4.789,1,0,1,1,0,90,94.85,152.7481268731046,0.8299057917781133,0.8249719377415089,-19.95779613287367
2023-wimbledon-1303,Frances Tiafoe,Grigor Dimitrov,0.765,2,5,72,0,1,2,2,2,2,2,1,2,30,42,0,0,0,1,0,1,0,0,0,0,0,0,0,0,0,0,0,0,0,0,0,1.422,1.129,1,1,1,0,0,90,94.5,157.235059758123,0.8276974553935779,0.8227022600679893,-23.391730400995026
2023-wimbledon-1303,Frances Tiafoe,Grigor Dimitrov,0.7708333333333334,2,5,73,0,1,2,2,2,3,2,2,2,30,43,2,0,0,0,0,0,0,0,0,0,0,0,0,0,0,0,0,0,0,0,0,18.177,16.791,5,3,1,1,0,90,94.5,163.5213398081669,0.8264100570422126,0.8213791502035022,-26.44895300413242
2023-wimbledon-1303,Frances Tiafoe,Grigor Dimitrov,0.8,2,6,74,0,1,2,3,0,0,1,2,2,30,44,0,0,0,0,0,0,0,0,0,1,0,0,0,0,0,0,0,0,0,0,0,20.301,26.461,6,3,0,0,1,91,94.85,167.38188941012066,0.8199820428407076,0.814773375333089,-27.659416340605
2023-wimbledon-1303,Frances Tiafoe,Grigor Dimitrov,0.8111111111111111,2,6,75,0,1,2,3,0,1,1,1,1,31,44,0,0,1,0,1,0,0,0,0,0,0,0,0,0,0,0,0,0,0,0,0,2.936,2.384,1,0,1,1,0,91,98.9981268731046,158.5,0.8175372823367769,0.8122612517179356,-21.052142358520513
2023-wimbledon-1303,Frances Tiafoe,Grigor Dimitrov,0.8211111111111111,2,6,76,0,1,2,3,1,1,1,2,2,31,45,0,0,0,0,0,1,1,0,0,0,0,1,0,0,0,0,0,0,0,0,0,19.604,21.773,6,1,0,0,0,91,95.8,162.2481268731046,0.8153389243736346,0.8100024375280654,-24.17314196035307
2023-wimbledon-1303,Frances Tiafoe,Grigor Dimitrov,0.8330555555555555,2,6,77,0,1,2,3,1,2,1,1,2,31,46,0,0,0,0,0,1,1,0,0,0,0,1,0,0,0,0,0,0,0,0,0,12.488,12.948,4,1,0,0,0,91,95.8,165.485059758123,0.8127155293726781,0.8073070451293608,-25.982766019002806
2023-wimbledon-1303,Frances Tiafoe,Grigor Dimitrov,0.8433333333333334,2,6,78,0,1,2,3,1,3,1,2,2,31,47,2,0,0,0,0,0,0,0,0,1,0,0,0,0,0,0,1,0,1,0,0,109.008,117.87,30,1,0,1,0,91,95.85,186.63689949513497,0.8104603244320471,0.8049900776338595,-33.21081457657364
2023-wimbledon-1303,Frances Tiafoe,Grigor Dimitrov,0.8727777777777778,2,7,79,0,1,2,4,0,0,2,2,1,32,47,0,0,0,0,0,0,0,0,0,0,0,1,0,1,0,0,0,0,0,0,0,17.903,12.746,2,4,0,0,1,92,99.0481268731046,166.5,0.8040106040371978,0.7983643987721978,-23.422331019579747
2023-wimbledon-1303,Frances Tiafoe,Grigor Dimitrov,0.8838888888888888,2,7,80,0,1,2,4,1,0,2,1,2,32,48,0,0,0,1,0,1,0,0,0,0,0,0,0,0,0,0,0,0,0,0,0,1.44,0.976,1,0,1,1,0,92,96.5,170.9981268731046,0.8015811150022489,0.7958688952356557,-26.734923307299994
2023-wimbledon-1303,Frances Tiafoe,Grigor Dimitrov,0.8905555555555555,2,7,81,0,1,2,4,1,1,2,1,2,32,49,0,0,0,0,0,0,0,0,0,0,0,0,1,0,1,0,0,0,0,0,0,21.195,16.677,3,0,1,0,0,92,96.5,173.28505975812303,0.8001245890404731,0.7943728633192418,-28.28449940253286
2023-wimbledon-1303,Frances Tiafoe,Grigor Dimitrov,0.898611111111111,2,7,82,0,1,2,4,1,2,2,1,2,32,50,0,0,0,1,0,1,0,0,0,0,0,0,0,0,0,0,0,0,0,0,0,1.06,0.582,1,0,1,1,0,92,96.5,177.44982651304932,0.79836579856625,0.7925664401133447,-30.07909392278003
2023-wimbledon-1303,Frances Tiafoe,Grigor Dimitrov,0.9061111111111112,2,7,83,0,1,2,4,1,3,2,2,2,32,51,2,0,0,0,0,0,0,0,0,1,0,0,0,0,0,0,0,0,0,0,0,13.261,12.043,1,3,0,1,0,92,96.85,191.29527207670043,0.796729471800085,0.7908858682632628,-34.330186483055144
2023-wimbledon-1303,Frances Tiafoe,Grigor Dimitrov,0.9427777777777776,2,8,84,0,1,2,5,0,0,1,1,2,32,52,0,0,0,0,0,0,0,0,0,0,0,1,0,0,0,0,0,0,0,0,0,16.074,18.793,4,1,1,1,1,93,96.8,187.5213398081669,0.7887461408094677,0.7826876747751489,-32.85365102965359
2023-wimbledon-1303,Frances Tiafoe,Grigor Dimitrov,0.9499999999999992,2,8,85,0,1,2,5,0,1,1,2,1,33,52,0,0,0,0,1,0,1,0,0,0,0,0,0,0,0,0,0,0,0,0,0,9.102,12.381,3,0,1,0,0,93,100.2481268731046,176.5,0.7871769471839699,0.781076447156047,-26.460416231821505
2023-wimbledon-1303,Frances Tiafoe,Grigor Dimitrov,0.958333333333332,2,8,86,0,1,2,5,1,1,1,2,1,34,52,0,0,0,0,0,0,0,0,0,0,1,0,0,0,0,0,0,0,0,0,0,10.909,13.794,3,1,0,0,0,93,102.985059758123,176.85,0.7853677028243079,0.7792188213074598,-24.567227265374658
2023-wimbledon-1303,Frances Tiafoe,Grigor Dimitrov,0.9727777777777752,2,8,87,0,1,2,5,2,1,1,1,1,35,52,0,0,0,0,1,0,1,0,0,0,0,0,0,0,0,0,0,0,0,0,0,13.641,19.218,5,1,0,0,0,93,106.69982651304932,176.5,0.782235172271366,0.7760027347304589,-22.560264093896386
2023-wimbledon-1303,Frances Tiafoe,Grigor Dimitrov,0.9788888888888856,2,8,88,0,1,2,5,3,1,1,2,1,36,52,1,0,0,0,0,0,0,0,0,0,0,0,0,0,0,0,0,0,0,0,0,5.008,5.428,1,4,0,0,0,93,113.6090675603216,176.5,0.7809112161927312,0.7746435454724845,-20.102967876129043
2023-wimbledon-1303,Frances Tiafoe,Grigor Dimitrov,0.9958333333333336,2,9,89,0,1,3,5,0,0,2,1,2,36,53,0,0,0,0,0,1,0,0,0,0,0,0,0,0,0,0,0,0,0,0,0,1.035,0.767,1,1,0,0,1,94,105.5,180.2481268731046,0.7772444778171372,0.770879483997591,-25.568597440370045
2023-wimbledon-1303,Frances Tiafoe,Grigor Dimitrov,1.004999999999999,2,9,90,0,1,3,5,0,1,2,1,2,36,54,0,0,0,0,0,0,0,0,0,0,0,0,1,0,1,0,0,0,0,0,0,31.025,27.097,5,3,0,0,0,94,105.5,183.28505975812303,0.775263449133336,0.7688460330300745,-27.50726050570266
2023-wimbledon-1303,Frances Tiafoe,Grigor Dimitrov,1.014166666666668,2,9,91,0,1,3,5,0,2,2,2,1,37,54,0,0,0,0,1,0,2,0,0,0,0,0,0,0,0,0,0,0,0,0,0,41.218,39.373,10,1,0,0,0,94,109.2481268731046,178.5,0.7732842764845411,0.7668145995735303,-23.303541421508424
2023-wimbledon-1303,Frances Tiafoe,Grigor Dimitrov,1.0302777777777763,2,9,92,0,1,3,5,1,2,2,2,2,37,55,0,0,0,0,0,0,0,0,0,1,0,0,0,0,0,0,0,0,0,0,0,6.59,5.276,1,2,0,0,0,94,106.85,181.7481268731046,0.7698102726217172,0.7632491380811326,-26.47455891381173
2023-wimbledon-1303,Frances Tiafoe,Grigor Dimitrov,1.040277777777778,2,9,93,0,1,3,5,1,3,2,2,1,38,55,0,0,0,0,0,0,0,0,1,0,1,0,0,0,0,0,0,0,0,0,0,12.357,10.22,0,3,1,0,0,94,109.7481268731046,180.5,0.7676569353762687,0.7610392892984417,-23.780764142614018
2023-wimbledon-1303,Frances Tiafoe,Grigor Dimitrov,1.0527777777777771,2,9,94,0,1,3,5,2,3,2,1,2,38,56,2,2,0,1,0,1,0,0,0,0,0,0,0,0,0,0,0,0,0,0,0,0.85,0.618,1,0,1,0,0,94,107.5,211.88156168284468,0.7649684655506938,0.7582804575792969,-36.67365590581996
2023-wimbledon-1303,Frances Tiafoe,Grigor Dimitrov,1.116388888888892,3,1,95,0,2,0,0,0,0,1,2,2,38,57,0,0,0,0,0,0,0,0,0,1,0,0,0,0,0,0,0,0,0,0,0,9.116,11.568,2,1,0,1,1,95,107.85,215.985059758123,0.751343542140149,0.744302344254511,-37.93398073010049
2023-wimbledon-1303,Frances Tiafoe,Grigor Dimitrov,1.1302777777777775,3,1,96,0,2,0,0,0,1,1,1,1,39,57,0,0,0,0,0,0,0,0,0,0,0,0,0,0,0,0,0,0,0,0,0,10.446,12.652,1,1,0,1,0,95,110.7481268731046,211.5,0.748381502442598,0.74126429435943,-34.14747422023559
2023-wimbledon-1303,Frances Tiafoe,Grigor Dimitrov,1.136388888888888,3,1,97,0,2,0,0,1,1,1,2,1,40,57,0,0,0,0,0,0,0,0,0,0,0,0,0,0,0,0,0,0,0,0,0,7.473,9.003,1,4,0,1,0,95,113.985059758123,211.5,0.7470796930652903,0.7399291682810024,-32.12002460158586
2023-wimbledon-1303,Frances Tiafoe,Grigor Dimitrov,1.148611111111112,3,1,98,0,2,0,0,2,1,1,1,1,41,57,0,0,0,0,0,0,0,0,0,0,0,1,0,1,0,0,0,0,0,0,0,13.652,14.914,3,0,1,0,0,95,117.49982651304931,211.5,0.7444788239485594,0.737261901593245,-30.391612721092784
2023-wimbledon-1303,Frances Tiafoe,Grigor Dimitrov,1.1561111111111089,3,1,99,0,2,0,0,3,1,1,2,1,42,57,1,0,0,0,0,0,0,0,0,0,0,0,0,0,0,0,0,0,0,0,0,36.704,41.442,7,1,0,1,0,95,124.6090675603216,211.5,0.7428846624899184,0.7356271526642008,-27.940177778128003
2023-wimbledon-1303,Frances Tiafoe,Grigor Dimitrov,1.1772222222222233,3,2,100,0,2,1,0,0,0,2,1,2,42,58,0,0,0,0,0,1,1,0,0,0,0,0,1,0,1,0,0,0,0,0,0,26.739,27.327,7,3,1,1,1,96,116.5,215.54812687310465,0.738404923804214,0.731033812003119,-33.020798989250665
2023-wimbledon-1303,Frances Tiafoe,Grigor Dimitrov,1.1905555555555551,3,2,101,0,2,1,0,0,1,2,1,2,42,59,0,0,0,0,0,0,0,0,0,0,0,0,0,0,0,0,0,0,0,0,0,1.09,0.626,1,1,0,1,0,96,116.5,217.985059758123,0.7355813972837123,0.7281390307156217,-34.53866773387488
2023-wimbledon-1303,Frances Tiafoe,Grigor Dimitrov,1.1961111111111116,3,2,102,0,2,1,0,0,2,2,1,2,42,60,0,0,0,0,0,1,1,0,0,0,0,0,1,0,1,0,0,0,0,0,0,10.003,11.483,3,0,1,0,0,96,116.5,221.99982651304933,0.7344062612627025,0.7269343189116949,-36.163504498791724
2023-wimbledon-1303,Frances Tiafoe,Grigor Dimitrov,1.2030555555555544,3,2,103,0,2,1,0,0,3,2,1,2,42,61,2,0,0,0,0,0,0,0,0,0,0,0,0,0,0,0,0,0,0,0,0,7.063,6.762,1,3,0,1,0,96,116.5,228.6090675603216,0.7329384506667094,0.7254296330974592,-38.272838533580924
2023-wimbledon-1303,Frances Tiafoe,Grigor Dimitrov,1.213055555555556,3,3,104,0,2,1,1,0,0,1,1,1,43,61,0,0,1,0,1,0,0,0,0,0,0,0,0,0,0,0,0,0,0,0,0,0.756,0.698,1,1,0,0,1,97,120.9981268731046,220.5,0.7308269799537416,0.7232652473192835,-32.969082743523515
2023-wimbledon-1303,Frances Tiafoe,Grigor Dimitrov,1.2174999999999976,3,3,105,0,2,1,1,1,0,1,1,2,43,62,0,0,0,0,0,0,0,0,0,0,0,1,0,0,0,0,0,0,0,0,0,15.655,17.99,4,4,0,1,0,97,117.8,223.7481268731046,0.7298893770795036,0.7223041970970725,-35.758487434393196
2023-wimbledon-1303,Frances Tiafoe,Grigor Dimitrov,1.2272222222222204,3,3,106,0,2,1,1,1,1,1,2,1,44,62,0,0,0,0,0,0,0,0,0,0,1,1,0,1,0,0,0,0,0,0,0,18.033,14.398,3,1,0,0,0,97,121.0481268731046,221.85,0.7278401578706919,0.7202038386359167,-33.098518202011924
2023-wimbledon-1303,Frances Tiafoe,Grigor Dimitrov,1.239166666666666,3,3,107,0,2,1,1,2,1,1,2,2,44,63,0,0,0,0,0,1,2,0,0,0,0,1,0,0,0,0,0,0,0,0,0,19.839,23.711,6,3,0,0,0,97,118.8,225.2481268731046,0.7253259227386203,0.717627061870098,-35.84342169841649
2023-wimbledon-1303,Frances Tiafoe,Grigor Dimitrov,1.2530555555555551,3,3,108,0,2,1,1,2,2,1,1,1,45,63,0,0,0,0,1,0,1,0,0,0,0,0,0,0,0,0,0,0,0,0,0,7.641,8.11,3,0,1,0,0,97,122.2481268731046,222.5,0.7224071113727402,0.7146359274667711,-32.56376527895491
2023-wimbledon-1303,Frances Tiafoe,Grigor Dimitrov,1.2666666666666655,3,3,109,0,2,1,1,3,2,1,1,1,46,63,1,0,0,0,1,0,0,0,0,0,0,0,0,0,0,0,0,0,0,0,0,3.653,6.406,1,1,0,0,0,97,129.88188941012066,222.5,0.7195516392997888,0.7117099986990806,-29.429993366929438
2023-wimbledon-1303,Frances Tiafoe,Grigor Dimitrov,1.296111111111113,3,4,110,0,2,2,1,0,0,2,1,2,46,64,0,0,0,1,0,1,0,0,0,0,0,0,0,0,0,0,0,0,0,0,0,1.521,0.951,1,1,0,0,1,98,125.5,226.9981268731046,0.7133915049922578,0.7053988834252969,-33.65709248865186
2023-wimbledon-1303,Frances Tiafoe,Grigor Dimitrov,1.3022222222222233,3,4,111,0,2,2,1,0,1,2,2,2,46,65,0,0,0,0,0,1,1,0,0,0,0,0,0,0,0,0,0,0,0,0,0,25.098,21.917,7,3,0,0,0,98,125.5,229.485059758123,0.7121159311426398,0.7040922219001297,-35.19435862734
2023-wimbledon-1303,Frances Tiafoe,Grigor Dimitrov,1.3072222222222225,3,4,112,0,2,2,1,0,2,2,1,2,46,66,0,0,0,0,0,1,1,0,0,0,0,0,1,0,1,0,0,0,0,0,0,14.341,8.808,3,1,0,0,0,98,125.5,232.99982651304933,0.7110730388174994,0.7030239580167968,-36.66760482089115
2023-wimbledon-1303,Frances Tiafoe,Grigor Dimitrov,1.31388888888889,3,4,113,0,2,2,1,0,3,2,1,2,46,67,2,0,0,0,0,0,0,0,0,0,0,0,0,0,0,0,0,0,0,0,0,6.019,5.449,1,0,1,0,0,98,125.5,239.6090675603216,0.7096835820599621,0.7016007620972495,-38.81108666305076
2023-wimbledon-1303,Frances Tiafoe,Grigor Dimitrov,1.3211111111111116,3,5,114,0,2,2,2,0,0,1,2,2,46,68,0,0,0,0,0,0,0,0,0,1,0,0,0,0,0,0,0,0,0,0,0,9.717,12.155,2,4,0,0,1,99,125.85,243.5213398081669,0.7081797175794898,0.7000604627228185,-40.70253477255531
2023-wimbledon-1303,Frances Tiafoe,Grigor Dimitrov,1.3299999999999983,3,5,115,0,2,2,2,0,1,1,2,1,47,68,0,0,0,0,0,0,0,0,0,0,1,0,0,0,0,0,0,0,0,0,0,86.947,90.24,23,0,0,0,0,99,128.7481268731046,232.85,0.7063307868877773,0.6981668550708202,-34.38593040092732
2023-wimbledon-1303,Frances Tiafoe,Grigor Dimitrov,1.3530555555555566,3,5,116,0,2,2,2,1,1,1,2,2,47,69,0,0,0,0,0,0,0,0,0,1,0,0,0,0,0,0,0,0,0,0,0,31.962,32.079,8,1,0,1,0,99,126.85,235.7481268731046,0.701545379432676,0.6932664253149258,-37.455267900045534
2023-wimbledon-1303,Frances Tiafoe,Grigor Dimitrov,1.3683333333333323,3,5,117,0,2,2,2,1,2,1,1,2,47,70,0,0,0,0,0,0,0,0,0,0,0,0,0,0,0,0,0,0,0,0,0,43.021,39.469,10,3,0,1,0,99,126.5,238.985059758123,0.6983825550076302,0.6900280686507997,-39.88536807381107
2023-wimbledon-1303,Frances Tiafoe,Grigor Dimitrov,1.3869444444444454,3,5,118,0,2,2,2,1,3,1,1,1,48,70,0,0,0,0,0,0,0,0,0,0,0,1,0,1,0,0,1,0,0,0,1,14.077,15.946,3,3,0,0,0,99,130.04812687310462,237.0,0.6945386153501237,0.6860928631309415,-35.95418133606054
2023-wimbledon-1303,Frances Tiafoe,Grigor Dimitrov,1.3988888888888873,3,5,119,0,2,2,2,2,3,1,1,2,48,71,2,0,0,0,0,0,0,0,0,0,0,1,0,0,0,0,1,0,1,0,0,71.07,66.735,16,1,0,1,0,99,127.8,256.5213398081669,0.6920768347104626,0.683572943318493,-45.41862814759674
2023-wimbledon-1303,Frances Tiafoe,Grigor Dimitrov,1.4330555555555584,3,6,120,0,2,2,3,0,0,2,2,1,49,71,0,0,0,0,0,0,0,0,0,0,1,0,0,0,0,0,0,0,0,0,0,20.964,22.812,4,1,0,0,1,100,130.7481268731046,240.85,0.6850578131811602,0.6763895079041666,-37.33687303662507
2023-wimbledon-1303,Frances Tiafoe,Grigor Dimitrov,1.4433333333333351,3,6,121,0,2,2,3,1,0,2,2,2,49,72,0,0,0,0,0,0,0,0,0,1,0,0,0,0,0,0,0,0,0,0,0,12.276,12.65,3,2,0,0,0,100,128.85,243.7481268731046,0.6829530802564354,0.6742358693645846,-39.677529179446495
2023-wimbledon-1303,Frances Tiafoe,Grigor Dimitrov,1.4547222222222231,3,6,122,0,2,2,3,1,1,2,1,2,49,73,0,0,0,0,0,0,0,0,0,0,0,0,0,0,0,0,0,0,0,0,0,7.929,6.006,1,0,0,0,0,100,128.5,246.985059758123,0.6806244514508919,0.671853348186498,-41.47211553125165
2023-wimbledon-1303,Frances Tiafoe,Grigor Dimitrov,1.4613888888888873,3,6,123,0,2,2,3,1,2,2,1,2,49,74,0,0,0,0,0,1,1,0,0,0,0,0,1,0,1,0,0,0,0,0,0,16.742,17.716,5,1,0,0,0,100,128.5,250.99982651304933,0.6792631370258368,0.6704606340007419,-43.12546736044602
2023-wimbledon-1303,Frances Tiafoe,Grigor Dimitrov,1.4699999999999989,3,6,124,0,2,2,3,1,3,2,2,2,49,75,2,0,0,0,0,0,0,0,0,1,0,0,0,0,0,0,0,0,0,0,0,101.61,126.062,27,4,0,1,0,100,128.85,265.2952720767004,0.6775067324361828,0.6686638325387596,-47.592519836680324
2023-wimbledon-1303,Frances Tiafoe,Grigor Dimitrov,1.4941666666666684,3,7,125,0,2,2,4,0,0,1,1,2,49,76,0,0,0,0,0,0,0,0,0,1,0,0,0,0,0,0,0,0,0,0,0,17.735,17.91,4,1,1,1,1,101,128.85,261.5213398081669,0.6725893441735863,0.663634047038188,-46.53690219811504
2023-wimbledon-1303,Frances Tiafoe,Grigor Dimitrov,1.5036111111111126,3,7,126,0,2,2,4,0,1,1,1,2,49,77,0,0,0,0,0,1,1,0,0,0,0,1,0,0,0,0,0,0,0,0,0,9.247,8.071,2,1,0,0,0,101,128.8,265.1090675603216,0.6706723976570171,0.6616735675501044,-48.14655593592822
2023-wimbledon-1303,Frances Tiafoe,Grigor Dimitrov,1.513333333333332,3,7,127,0,2,2,4,0,2,1,2,1,50,77,0,0,0,0,1,0,2,0,0,0,0,1,0,1,0,0,0,0,0,0,0,38.706,47.026,11,1,0,1,0,101,132.54812687310462,251.5,0.6687019022028329,0.6596584901484527,-40.44291087695002
2023-wimbledon-1303,Frances Tiafoe,Grigor Dimitrov,1.5311111111111089,3,7,128,0,2,2,4,1,2,1,2,2,50,78,0,0,0,0,0,0,0,0,0,0,0,0,0,0,0,0,0,0,0,0,0,28.764,32.234,8,3,0,0,0,101,129.5,254.7481268731046,0.6651061825612956,0.6559818586698384,-43.60889595528638
2023-wimbledon-1303,Frances Tiafoe,Grigor Dimitrov,1.5480555555555569,3,7,129,0,2,2,4,1,3,1,2,2,50,79,2,0,0,0,0,0,0,0,0,1,0,1,0,0,0,0,1,0,1,0,0,16.191,13.315,2,4,0,1,0,101,130.15,284.2952720767004,0.6616880652314958,0.652487358946808,-53.62848611003878
2023-wimbledon-1303,Frances Tiafoe,Grigor Dimitrov,1.583888888888886,3,8,130,0,2,2,5,0,0,2,2,2,50,80,0,0,0,0,0,0,0,0,0,1,0,0,0,0,0,0,0,0,0,0,0,19.826,18.539,5,4,1,0,1,102,129.85,266.1998265130493,0.6544889931179781,0.6451291410257352,-47.489597341069526
2023-wimbledon-1303,Frances Tiafoe,Grigor Dimitrov,1.594444444444445,3,8,131,0,2,2,5,0,1,2,2,2,50,81,0,0,0,0,0,1,2,0,0,0,0,0,1,0,1,0,0,0,0,0,0,45.494,40.42,9,2,1,0,0,102,129.5,270.1818894101207,0.6523760196162159,0.6429699082540888,-48.72288789607564
2023-wimbledon-1303,Frances Tiafoe,Grigor Dimitrov,1.6108333333333356,3,8,132,0,2,2,5,0,2,2,1,2,50,82,0,0,0,0,0,0,0,0,0,0,0,0,0,0,0,0,0,0,0,0,0,27.928,27.193,7,1,0,1,0,102,129.5,272.5213398081669,0.6491023408176386,0.6396249688706698,-49.24015931351849
2023-wimbledon-1303,Frances Tiafoe,Grigor Dimitrov,1.621388888888891,3,8,133,0,2,2,5,0,3,2,2,1,51,82,0,0,0,0,0,0,0,0,0,0,1,0,0,0,0,0,0,0,0,0,0,5.251,3.098,2,3,0,0,0,102,132.7481268731046,261.85,0.646998395442544,0.6374754906094847,-43.9293309894361
2023-wimbledon-1303,Frances Tiafoe,Grigor Dimitrov,1.6316666666666677,3,8,134,0,2,2,5,1,3,2,1,2,51,83,2,2,0,0,0,1,2,0,0,0,0,0,1,0,1,0,0,0,0,0,0,26.599,21.189,5,0,1,1,0,102,130.5,304.3454166143473,0.6449532414738329,0.635386276675418,-58.88233570090682
