match_id,player1,player2,elapsed_time,set_no,game_no,point_no,p1_sets,p2_sets,p1_games,p2_games,p1_score,p2_score,server,serve_no,point_victor,p1_points_won,p2_points_won,game_victor,set_victor,p1_ace,p2_ace,p1_winner,p2_winner,winner_shot_type,p1_double_fault,p2_double_fault,p1_unf_err,p2_unf_err,p1_net_pt,p2_net_pt,p1_net_pt_won,p2_net_pt_won,p1_break_pt,p2_break_pt,p1_break_pt_won,p2_break_pt_won,p1_break_pt_missed,p2_break_pt_missed,p1_distance_run,p2_distance_run,rally_count,serve_width,serve_depth,return_depth,new_game,game_id,p1_momentum,p2_momentum
2023-wimbledon-1309,Jannik Sinner,Quentin Halys,00:00:00,1,1,1,0,0,0,0,0,0,2,2,1,1,0,0,0,0,0,1,0,1,0,0,0,0,0,0,0,0,0,0,0,0,0,0,20.36,17.9,8,2,0,0,1,320,46.83749367201738,45.0
2023-wimbledon-1309,Jannik Sinner,Quentin Halys,00:00:41,1,1,2,0,0,0,0,1,0,2,2,2,1,1,0,0,0,0,0,0,0,0,0,0,0,0,0,0,0,0,0,0,0,0,0,9.846,12.162,1,2,1,0,0,320,46.0,46.33749367201738
2023-wimbledon-1309,Jannik Sinner,Quentin Halys,00:01:15,1,1,3,0,0,0,0,1,1,2,1,2,1,2,0,0,0,0,0,0,0,0,0,0,0,0,0,0,0,0,0,0,0,0,0,5.738,3.814,1,0,0,0,0,320,46.0,47.674949379555834
2023-wimbledon-1309,Jannik Sinner,Quentin Halys,00:01:36,1,1,4,0,0,0,0,1,2,2,2,1,2,2,0,0,0,0,0,0,0,0,1,0,1,0,0,0,0,0,0,0,0,0,0,9.868,7.26,0,3,1,0,0,320,47.33749367201738,48.0
2023-wimbledon-1309,Jannik Sinner,Quentin Halys,00:02:06,1,1,5,0,0,0,0,2,2,2,1,2,2,3,0,0,0,0,0,1,1,0,0,0,0,0,0,0,0,0,0,0,0,0,0,23.474,15.725,5,0,1,0,0,320,47.0,48.83749367201738
2023-wimbledon-1309,Jannik Sinner,Quentin Halys,00:02:38,1,1,6,0,0,0,0,2,3,2,2,2,2,4,2,0,0,0,0,0,0,0,0,1,0,0,0,0,0,0,0,0,0,0,0,14.644,17.28,5,0,0,0,0,320,47.35,50.686709429068166
2023-wimbledon-1309,Jannik Sinner,Quentin Halys,00:03:55,1,2,7,0,0,0,1,0,0,1,2,1,3,4,0,0,0,0,0,0,0,0,0,0,0,0,0,0,0,0,0,0,0,0,0,3.14,4.047,1,2,1,0,1,321,48.33749367201738,54.0
2023-wimbledon-1309,Jannik Sinner,Quentin Halys,00:04:29,1,2,8,0,0,0,1,1,0,1,2,2,3,5,0,0,0,0,0,0,0,1,0,1,0,0,0,0,0,0,0,0,0,0,0,1.056,1.343,0,2,1,0,0,321,49.0,55.33749367201738
2023-wimbledon-1309,Jannik Sinner,Quentin Halys,00:05:00,1,2,9,0,0,0,1,1,1,1,1,1,4,5,0,0,0,0,0,0,0,0,0,0,0,0,0,0,0,0,0,0,0,0,0,3.784,4.622,1,0,0,1,0,321,49.33749367201738,55.0
2023-wimbledon-1309,Jannik Sinner,Quentin Halys,00:05:29,1,2,10,0,0,0,1,2,1,1,2,1,5,5,0,0,0,0,0,0,0,0,0,0,0,0,0,0,0,0,0,0,0,0,0,8.026,6.339,1,2,0,0,0,321,50.674949379555834,55.0
2023-wimbledon-1309,Jannik Sinner,Quentin Halys,00:06:04,1,2,11,0,0,0,1,3,1,1,1,2,5,6,0,0,0,0,0,0,0,0,0,1,0,0,0,0,0,0,0,0,0,0,0,9.432,6.075,2,1,0,0,0,321,50.35,56.33749367201738
2023-wimbledon-1309,Jannik Sinner,Quentin Halys,00:06:34,1,2,12,0,0,0,1,3,2,1,1,2,5,7,0,0,0,0,0,1,1,0,0,0,0,0,0,0,0,0,0,0,0,0,0,16.306,15.275,6,1,0,1,0,321,50.0,58.174949379555834
2023-wimbledon-1309,Jannik Sinner,Quentin Halys,00:07:07,1,2,13,0,0,0,1,3,3,1,2,1,6,7,0,0,0,0,0,0,0,0,0,0,0,0,0,0,0,0,0,0,0,0,0,9.349,9.646,1,2,0,1,0,321,51.33749367201738,57.0
2023-wimbledon-1309,Jannik Sinner,Quentin Halys,00:07:51,1,2,14,0,0,0,1,4,3,1,2,2,6,8,0,0,0,0,0,0,0,1,0,1,0,0,0,0,0,0,0,0,0,0,0,2.3,2.353,0,3,1,0,0,321,52.0,58.33749367201738
2023-wimbledon-1309,Jannik Sinner,Quentin Halys,00:08:25,1,2,15,0,0,0,1,4,4,1,1,1,7,8,0,0,0,0,0,0,0,0,0,0,0,0,0,0,0,0,0,0,0,0,0,2.744,3.626,1,3,0,1,0,321,52.33749367201738,58.0
2023-wimbledon-1309,Jannik Sinner,Quentin Halys,00:08:50,1,2,16,0,0,0,1,5,4,1,1,1,8,8,1,0,0,0,0,0,0,0,0,0,1,0,0,0,0,0,0,0,0,0,0,12.934,10.356,3,1,0,0,0,321,54.686709429068166,58.35
2023-wimbledon-1309,Jannik Sinner,Quentin Halys,00:09:28,1,3,17,0,0,1,1,0,0,2,1,1,9,8,0,0,0,0,1,0,1,0,0,0,0,1,0,1,0,0,0,0,0,0,0,30.339,24.571,6,4,0,0,1,322,60.81232917521693,58.0
2023-wimbledon-1309,Jannik Sinner,Quentin Halys,00:10:04,1,3,18,0,0,1,1,1,0,2,2,1,10,8,0,0,0,0,0,0,0,0,1,0,1,0,0,0,0,0,0,0,0,0,0,4.347,4.078,0,3,1,1,0,322,61.3495951457469,59.0
2023-wimbledon-1309,Jannik Sinner,Quentin Halys,00:11:09,1,3,19,0,0,1,1,2,0,2,2,2,10,9,0,0,0,0,0,0,0,0,0,0,0,0,0,0,0,0,0,0,0,0,0,13.245,9.795,3,3,0,0,0,322,60.0,59.33749367201738
2023-wimbledon-1309,Jannik Sinner,Quentin Halys,00:11:44,1,3,20,0,0,1,1,2,1,2,1,2,10,10,0,0,0,1,0,1,0,0,0,0,0,0,0,0,0,0,0,0,0,0,0,1.113,1.279,1,1,1,0,0,322,60.0,61.924949379555834
2023-wimbledon-1309,Jannik Sinner,Quentin Halys,00:12:06,1,3,21,0,0,1,1,2,2,2,2,1,11,10,0,0,0,0,0,0,0,0,0,0,1,0,0,0,0,0,0,0,0,0,0,7.72,4.974,2,1,0,0,0,322,61.33749367201738,60.35
2023-wimbledon-1309,Jannik Sinner,Quentin Halys,00:13:26,1,3,22,0,0,1,1,3,2,2,1,2,11,11,0,0,0,0,0,0,0,0,0,0,0,0,0,0,0,1,0,0,0,1,0,4.344,3.399,1,0,0,1,0,322,63.5,61.33749367201738
2023-wimbledon-1309,Jannik Sinner,Quentin Halys,00:13:50,1,3,23,0,0,1,1,3,3,2,1,2,11,12,0,0,0,1,0,1,0,0,0,0,0,0,0,0,0,0,0,0,0,0,0,1.419,1.184,1,0,1,0,0,322,61.0,63.924949379555834
2023-wimbledon-1309,Jannik Sinner,Quentin Halys,00:14:09,1,3,24,0,0,1,1,3,4,2,1,1,12,12,0,0,0,0,1,0,2,0,0,0,0,1,0,1,0,0,0,0,0,0,0,35.615,29.714,8,3,0,0,0,322,63.13749367201738,62.0
2023-wimbledon-1309,Jannik Sinner,Quentin Halys,00:14:53,1,3,25,0,0,1,1,4,4,2,1,2,12,13,0,0,0,0,0,1,0,0,0,0,0,0,0,0,0,0,0,0,0,0,0,8.842,3.993,1,1,1,1,0,322,62.0,63.83749367201738
2023-wimbledon-1309,Jannik Sinner,Quentin Halys,00:15:13,1,3,26,0,0,1,1,4,5,2,1,2,12,14,2,0,0,0,0,1,1,0,0,0,0,0,0,0,0,0,0,0,0,0,0,15.003,7.421,3,3,1,0,0,322,62.0,66.18670942906817
2023-wimbledon-1309,Jannik Sinner,Quentin Halys,00:16:58,1,4,27,0,0,1,2,0,0,1,1,2,12,15,0,0,0,0,0,0,0,0,0,0,0,0,0,0,0,0,0,0,0,0,0,17.129,19.541,4,0,1,1,1,323,62.0,71.01232917521693
2023-wimbledon-1309,Jannik Sinner,Quentin Halys,00:17:28,1,4,28,0,0,1,2,0,1,1,1,1,13,15,0,0,0,0,0,0,0,0,0,0,1,0,0,0,0,0,0,0,0,0,0,12.252,13.994,5,1,0,1,0,323,63.33749367201738,70.35
2023-wimbledon-1309,Jannik Sinner,Quentin Halys,00:18:02,1,4,29,0,0,1,2,1,1,1,1,2,13,16,0,0,0,0,0,1,1,0,0,0,0,0,0,0,0,0,0,0,0,0,0,10.405,9.478,4,4,0,0,0,323,63.0,71.83749367201739
2023-wimbledon-1309,Jannik Sinner,Quentin Halys,00:18:34,1,4,30,0,0,1,2,1,2,1,1,1,14,16,0,0,1,0,1,0,0,0,0,0,0,0,0,0,0,0,0,0,0,0,0,0.775,0.726,1,0,1,0,0,323,65.58749367201739,71.0
2023-wimbledon-1309,Jannik Sinner,Quentin Halys,00:19:06,1,4,31,0,0,1,2,2,2,1,2,2,14,17,0,0,0,0,0,0,0,0,0,1,0,0,0,0,0,0,0,0,0,0,0,5.476,6.856,2,3,0,0,0,323,64.35,72.33749367201739
2023-wimbledon-1309,Jannik Sinner,Quentin Halys,00:20:00,1,4,32,0,0,1,2,2,3,1,1,2,14,18,2,0,0,0,0,0,0,0,0,0,0,0,0,0,0,0,1,0,1,0,0,7.448,10.013,2,0,1,0,0,323,64.0,85.69676465881146
2023-wimbledon-1309,Jannik Sinner,Quentin Halys,00:20:37,1,5,33,0,0,1,3,0,0,2,2,1,15,18,0,0,0,0,0,0,0,0,0,0,1,0,0,0,0,0,0,0,0,0,0,8.015,5.952,2,3,0,0,1,324,65.33749367201739,78.35
2023-wimbledon-1309,Jannik Sinner,Quentin Halys,00:21:26,1,5,34,0,0,1,3,1,0,2,2,2,15,19,0,0,0,0,0,0,0,0,0,1,0,0,0,0,0,0,0,0,0,0,0,11.74,9.128,3,4,0,0,0,324,65.35,79.33749367201739
2023-wimbledon-1309,Jannik Sinner,Quentin Halys,00:22:00,1,5,35,0,0,1,3,1,1,2,1,2,15,20,0,0,0,0,0,0,0,0,0,0,0,0,0,0,0,0,0,0,0,0,0,16.035,9.376,3,0,0,0,0,324,65.0,80.67494937955584
2023-wimbledon-1309,Jannik Sinner,Quentin Halys,00:22:28,1,5,36,0,0,1,3,1,2,2,1,2,15,21,0,0,0,1,0,1,0,0,0,0,0,0,0,0,0,0,0,0,0,0,0,1.022,1.011,1,1,0,0,0,324,65.0,83.26232917521693
2023-wimbledon-1309,Jannik Sinner,Quentin Halys,00:22:47,1,5,37,0,0,1,3,1,3,2,1,2,15,22,2,0,0,0,0,0,0,0,0,0,0,0,0,0,0,0,0,0,0,0,0,4.45,2.883,1,0,0,1,0,324,65.0,86.37364977248208
2023-wimbledon-1309,Jannik Sinner,Quentin Halys,00:24:40,1,6,38,0,0,1,4,0,0,1,1,1,16,22,0,0,0,0,0,0,0,0,0,0,0,0,0,0,0,0,0,0,0,0,0,2.518,2.262,1,3,0,1,1,325,66.33749367201739,87.0
2023-wimbledon-1309,Jannik Sinner,Quentin Halys,00:25:01,1,6,39,0,0,1,4,1,0,1,1,1,17,22,0,0,0,0,1,0,1,0,0,0,0,1,0,1,0,0,0,0,0,0,0,8.947,9.634,3,0,1,0,0,325,68.47494937955584,87.0
2023-wimbledon-1309,Jannik Sinner,Quentin Halys,00:25:28,1,6,40,0,0,1,4,2,0,1,1,1,18,22,0,0,0,0,0,0,0,0,0,0,0,0,0,0,0,0,0,0,0,0,0,1.953,3.232,1,0,1,0,0,325,69.01232917521693,87.0
2023-wimbledon-1309,Jannik Sinner,Quentin Halys,00:25:46,1,6,41,0,0,1,4,3,0,1,2,1,19,22,1,0,0,0,0,0,0,0,0,0,0,0,0,0,0,0,0,0,0,0,0,4.806,3.93,1,2,0,0,0,325,71.3603318434862,87.0
2023-wimbledon-1309,Jannik Sinner,Quentin Halys,00:26:30,1,7,42,0,0,2,4,0,0,2,1,2,19,23,0,0,0,0,0,1,1,0,0,0,0,0,0,0,0,0,0,0,0,0,0,15.804,12.774,5,0,1,0,1,326,74.0,88.83749367201739
2023-wimbledon-1309,Jannik Sinner,Quentin Halys,00:26:56,1,7,43,0,0,2,4,0,1,2,1,2,19,24,0,0,0,0,0,1,1,0,0,0,0,1,0,0,0,0,0,0,0,0,0,22.386,14.59,5,1,0,1,0,326,74.3,90.17494937955584
2023-wimbledon-1309,Jannik Sinner,Quentin Halys,00:27:24,1,7,44,0,0,2,4,0,2,2,1,1,20,24,0,0,0,0,0,0,0,0,0,0,0,0,0,0,0,0,0,0,0,0,0,7.165,5.236,2,1,1,0,0,326,75.33749367201739,89.0
2023-wimbledon-1309,Jannik Sinner,Quentin Halys,00:27:46,1,7,45,0,0,2,4,1,2,2,2,2,20,25,0,0,0,0,0,1,2,0,0,0,0,0,0,0,0,0,0,0,0,0,0,19.98,14.564,5,3,0,0,0,326,75.0,90.83749367201739
2023-wimbledon-1309,Jannik Sinner,Quentin Halys,00:28:24,1,7,46,0,0,2,4,1,3,2,1,2,20,26,2,0,0,1,0,1,0,0,0,0,0,0,0,0,0,0,0,0,0,0,0,1.244,1.536,1,1,1,0,0,326,75.0,93.93670942906817
2023-wimbledon-1309,Jannik Sinner,Quentin Halys,00:30:22,1,8,47,0,0,2,5,0,0,1,1,1,21,26,0,0,0,0,0,0,0,0,0,0,0,0,0,0,0,0,0,0,0,0,0,0.89,0.759,1,4,0,0,1,327,76.33749367201739,96.0
2023-wimbledon-1309,Jannik Sinner,Quentin Halys,00:30:57,1,8,48,0,0,2,5,1,0,1,2,1,22,26,0,0,0,0,0,0,0,0,0,0,0,0,0,0,0,0,0,0,0,0,0,2.698,3.549,1,2,0,0,0,327,77.67494937955584,96.0
2023-wimbledon-1309,Jannik Sinner,Quentin Halys,00:31:28,1,8,49,0,0,2,5,2,0,1,1,1,23,26,0,0,0,0,0,0,0,0,0,0,1,0,1,0,0,0,0,0,0,0,0,10.548,14.44,3,3,0,1,0,327,79.01232917521693,96.64999999999999
2023-wimbledon-1309,Jannik Sinner,Quentin Halys,00:31:51,1,8,50,0,0,2,5,3,0,1,2,2,23,27,0,0,0,0,0,0,0,1,0,1,0,0,0,0,0,0,0,0,0,0,0,2.264,3.097,0,4,1,0,0,327,79.0,97.33749367201739
2023-wimbledon-1309,Jannik Sinner,Quentin Halys,00:32:23,1,8,51,0,0,2,5,3,1,1,1,1,24,27,1,0,0,0,0,0,0,0,0,0,0,0,0,0,0,0,0,0,0,0,0,7.313,7.914,1,1,0,1,0,327,80.3495951457469,97.0
2023-wimbledon-1309,Jannik Sinner,Quentin Halys,00:33:07,1,9,52,0,0,3,5,0,0,2,2,2,24,28,0,0,0,0,0,1,1,0,0,0,0,0,1,0,1,0,0,0,0,0,0,18.792,17.164,7,4,0,0,1,328,84.0,99.13749367201738
2023-wimbledon-1309,Jannik Sinner,Quentin Halys,00:33:49,1,9,53,0,0,3,5,0,1,2,2,2,24,29,0,0,0,0,0,1,0,0,0,0,0,0,0,0,0,0,0,0,0,0,0,0.953,1.418,1,2,0,0,0,328,84.0,100.17494937955584
2023-wimbledon-1309,Jannik Sinner,Quentin Halys,00:34:22,1,9,54,0,0,3,5,0,2,2,2,2,24,30,0,0,0,0,0,0,0,0,0,0,0,0,0,0,0,0,0,0,0,0,0,7.922,7.448,3,4,0,0,0,328,84.0,101.01232917521693
2023-wimbledon-1309,Jannik Sinner,Quentin Halys,00:34:55,1,9,55,0,0,3,5,0,3,2,2,1,25,30,0,0,0,0,0,0,0,0,1,0,1,0,0,0,0,0,0,0,0,0,0,2.114,1.409,0,1,1,1,0,328,85.33749367201739,101.0
2023-wimbledon-1309,Jannik Sinner,Quentin Halys,00:35:26,1,9,56,0,0,3,5,1,3,2,1,2,25,31,2,2,0,1,0,1,0,0,0,0,0,0,0,0,0,0,0,0,0,0,0,0.775,0.626,1,1,0,1,0,328,85.0,106.28910031362221
2023-wimbledon-1309,Jannik Sinner,Quentin Halys,00:37:33,2,1,57,0,1,0,0,0,0,1,1,1,26,31,0,0,1,0,1,0,0,0,0,0,0,0,0,0,0,0,0,0,0,0,0,0.525,0.761,1,1,0,0,1,329,87.58749367201739,131.0
2023-wimbledon-1309,Jannik Sinner,Quentin Halys,00:37:52,2,1,58,0,1,0,0,1,0,1,2,2,26,32,0,0,0,0,0,0,0,1,0,1,0,0,0,0,0,0,0,0,0,0,0,2.526,2.878,0,4,1,1,0,329,87.0,132.3374936720174
2023-wimbledon-1309,Jannik Sinner,Quentin Halys,00:38:21,2,1,59,0,1,0,0,1,1,1,1,1,27,32,0,0,1,0,1,0,0,0,0,0,0,0,0,0,0,0,0,0,0,0,0,0.85,1.085,1,1,0,1,0,329,88.58749367201739,132.0
2023-wimbledon-1309,Jannik Sinner,Quentin Halys,00:38:44,2,1,60,0,1,0,0,2,1,1,2,2,27,33,0,0,0,0,0,0,0,0,0,1,0,0,0,0,0,0,0,0,0,0,0,6.943,8.672,2,2,0,0,0,329,87.35,133.3374936720174
2023-wimbledon-1309,Jannik Sinner,Quentin Halys,00:39:21,2,1,61,0,1,0,0,2,2,1,1,1,28,33,0,0,0,0,0,0,0,0,0,0,0,0,0,0,0,0,0,0,0,0,0,6.546,7.639,1,0,1,1,0,329,88.33749367201739,133.0
2023-wimbledon-1309,Jannik Sinner,Quentin Halys,00:40:00,2,1,62,0,1,0,0,3,2,1,2,1,29,33,1,0,0,0,0,0,0,0,0,0,0,0,0,0,0,0,0,0,0,0,0,1.205,1.536,1,2,0,0,0,329,90.68670942906817,133.0
2023-wimbledon-1309,Jannik Sinner,Quentin Halys,00:41:16,2,2,63,0,1,1,0,0,0,2,2,2,29,34,0,0,0,0,0,0,0,0,0,0,0,0,0,0,0,0,0,0,0,0,0,4.52,4.313,1,1,0,1,1,330,94.0,134.3374936720174
2023-wimbledon-1309,Jannik Sinner,Quentin Halys,00:41:42,2,2,64,0,1,1,0,0,1,2,2,1,30,34,0,0,0,0,1,0,1,0,0,0,0,0,0,0,0,0,0,0,0,0,0,12.338,8.846,4,3,0,0,0,330,95.83749367201739,134.0
2023-wimbledon-1309,Jannik Sinner,Quentin Halys,00:42:16,2,2,65,0,1,1,0,1,1,2,1,1,31,34,0,0,0,0,0,0,0,0,0,0,0,0,0,0,0,0,0,0,0,0,0,15.734,11.988,4,0,1,0,0,330,96.67494937955584,134.0
2023-wimbledon-1309,Jannik Sinner,Quentin Halys,00:42:42,2,2,66,0,1,1,0,2,1,2,2,2,31,35,0,0,0,0,0,1,1,0,0,0,0,0,0,0,0,0,0,0,0,0,0,7.973,5.521,3,0,0,0,0,330,96.0,135.8374936720174
2023-wimbledon-1309,Jannik Sinner,Quentin Halys,00:43:32,2,2,67,0,1,1,0,2,2,2,2,1,32,35,0,0,0,0,0,0,0,0,0,0,0,0,1,0,0,0,0,0,0,0,0,19.878,22.401,6,3,0,0,0,330,97.33749367201739,135.3
2023-wimbledon-1309,Jannik Sinner,Quentin Halys,00:44:22,2,2,68,0,1,1,0,3,2,2,1,1,33,35,1,0,0,0,0,0,0,0,0,0,0,0,0,0,0,1,0,1,0,0,0,4.402,3.224,2,3,1,0,0,330,110.69676465881146,135.0
2023-wimbledon-1309,Jannik Sinner,Quentin Halys,00:44:57,2,3,69,0,1,2,0,0,0,1,2,2,33,36,0,0,0,0,0,0,0,0,0,0,0,0,1,0,1,0,0,0,0,0,0,44.861,38.242,8,4,0,1,1,331,103.0,136.6374936720174
2023-wimbledon-1309,Jannik Sinner,Quentin Halys,00:46:10,2,3,70,0,1,2,0,0,1,1,1,1,34,36,0,0,0,0,1,0,1,0,0,0,0,0,0,0,0,0,0,0,0,0,0,7.351,10.482,3,0,0,0,0,331,104.83749367201739,136.0
2023-wimbledon-1309,Jannik Sinner,Quentin Halys,00:46:37,2,3,71,0,1,2,0,1,1,1,2,1,35,36,0,0,0,0,0,0,0,0,0,0,0,0,0,0,0,0,0,0,0,0,0,22.44,27.844,5,2,1,0,0,331,105.67494937955584,136.0
2023-wimbledon-1309,Jannik Sinner,Quentin Halys,00:47:35,2,3,72,0,1,2,0,2,1,1,2,1,36,36,0,0,0,0,0,0,0,0,0,0,0,0,0,0,0,0,0,0,0,0,0,22.583,26.466,5,2,1,1,0,331,107.01232917521693,136.0
2023-wimbledon-1309,Jannik Sinner,Quentin Halys,00:48:35,2,3,73,0,1,2,0,3,1,1,2,2,36,37,0,0,0,0,0,0,0,0,0,1,0,0,0,0,0,0,0,0,0,0,0,22.743,23.913,6,2,0,1,0,331,106.35,137.3374936720174
2023-wimbledon-1309,Jannik Sinner,Quentin Halys,00:49:25,2,3,74,0,1,2,0,3,2,1,1,1,37,37,1,0,0,0,0,0,0,0,0,0,0,0,0,0,0,0,0,0,0,0,0,4.126,4.258,1,4,0,1,0,331,110.36868608093747,137.0
2023-wimbledon-1309,Jannik Sinner,Quentin Halys,00:50:58,2,4,75,0,1,3,0,0,0,2,2,1,38,37,0,0,0,0,0,0,0,0,1,0,1,0,0,0,0,0,0,0,0,0,0,3.062,3.378,0,4,0,1,1,332,113.67494937955584,138.0
2023-wimbledon-1309,Jannik Sinner,Quentin Halys,00:51:24,2,4,76,0,1,3,0,1,0,2,1,1,39,37,0,0,0,0,0,0,0,0,0,0,0,0,0,0,0,0,0,0,0,0,0,7.221,6.618,2,1,0,1,0,332,115.01232917521693,137.0
2023-wimbledon-1309,Jannik Sinner,Quentin Halys,00:51:47,2,4,77,0,1,3,0,2,0,2,1,2,39,38,0,0,0,1,0,1,0,0,0,0,0,0,0,0,0,0,0,0,0,0,0,1.546,1.157,1,0,1,0,0,332,114.0,139.5874936720174
2023-wimbledon-1309,Jannik Sinner,Quentin Halys,00:52:05,2,4,78,0,1,3,0,2,1,2,1,2,39,39,0,0,0,0,0,0,0,0,0,1,0,0,0,0,0,0,0,0,0,0,0,19.092,17.555,5,1,0,1,0,332,114.35,139.67494937955584
2023-wimbledon-1309,Jannik Sinner,Quentin Halys,00:52:39,2,4,79,0,1,3,0,2,2,2,2,2,39,40,0,0,0,0,0,1,1,0,0,0,0,0,0,0,0,0,0,0,0,0,0,52.436,43.008,11,1,0,1,0,332,114.0,141.51232917521693
2023-wimbledon-1309,Jannik Sinner,Quentin Halys,00:53:37,2,4,80,0,1,3,0,2,3,2,2,2,39,41,2,0,0,0,0,0,0,0,0,0,0,0,1,0,1,0,0,0,0,0,0,21.394,17.613,5,2,0,0,0,332,114.0,143.6603318434862
2023-wimbledon-1309,Jannik Sinner,Quentin Halys,00:54:46,2,5,81,0,1,3,1,0,0,1,1,1,40,41,0,0,0,0,0,0,0,0,0,0,0,0,0,0,0,0,0,0,0,0,0,21.78,16.583,5,3,0,0,1,333,115.33749367201739,146.0
2023-wimbledon-1309,Jannik Sinner,Quentin Halys,00:55:19,2,5,82,0,1,3,1,1,0,1,1,1,41,41,0,0,0,0,0,0,0,0,0,0,0,0,0,0,0,0,0,0,0,0,0,5.23,4.594,1,3,0,0,0,333,116.67494937955584,146.0
2023-wimbledon-1309,Jannik Sinner,Quentin Halys,00:55:41,2,5,83,0,1,3,1,2,0,1,2,1,42,41,0,0,0,0,0,0,0,0,0,0,0,1,0,1,0,0,0,0,0,0,0,18.269,15.209,3,3,0,1,0,333,118.31232917521693,146.0
2023-wimbledon-1309,Jannik Sinner,Quentin Halys,00:56:19,2,5,84,0,1,3,1,3,0,1,1,1,43,41,1,0,0,0,1,0,2,0,0,0,0,0,0,0,0,0,0,0,0,0,0,9.432,10.662,3,3,0,0,0,333,120.8603318434862,146.0
2023-wimbledon-1309,Jannik Sinner,Quentin Halys,00:58:04,2,6,85,0,1,4,1,0,0,2,1,2,43,42,0,0,0,1,0,1,0,0,0,0,0,0,0,0,0,0,0,0,0,0,0,0.72,0.664,1,1,1,0,1,334,123.0,148.5874936720174
2023-wimbledon-1309,Jannik Sinner,Quentin Halys,00:58:19,2,6,86,0,1,4,1,0,1,2,2,1,44,42,0,0,0,0,0,0,0,0,0,0,1,0,0,0,0,0,0,0,0,0,0,12.07,12.28,4,4,0,0,0,334,124.33749367201739,147.35
2023-wimbledon-1309,Jannik Sinner,Quentin Halys,00:58:55,2,6,87,0,1,4,1,1,1,2,2,2,44,43,0,0,0,0,0,1,2,0,0,0,0,0,0,0,0,0,0,0,0,0,0,17.444,14.488,7,2,1,0,0,334,124.0,148.8374936720174
2023-wimbledon-1309,Jannik Sinner,Quentin Halys,00:59:40,2,6,88,0,1,4,1,1,2,2,2,2,44,44,0,0,0,0,0,0,0,0,0,0,0,0,0,0,0,0,0,0,0,0,0,14.479,16.616,3,0,1,0,0,334,124.0,149.67494937955584
2023-wimbledon-1309,Jannik Sinner,Quentin Halys,01:00:20,2,6,89,0,1,4,1,1,3,2,1,2,44,45,2,0,0,0,0,0,0,0,0,0,0,0,0,0,0,0,0,0,0,0,0,5.058,3.817,1,0,1,1,0,334,124.0,152.023634231262
2023-wimbledon-1309,Jannik Sinner,Quentin Halys,01:00:58,2,7,90,0,1,4,2,0,0,1,2,1,45,45,0,0,0,0,0,0,0,0,0,0,0,0,0,0,0,0,0,0,0,0,0,5.673,4.981,1,3,0,1,1,335,125.33749367201739,155.0
2023-wimbledon-1309,Jannik Sinner,Quentin Halys,01:01:33,2,7,91,0,1,4,2,1,0,1,2,1,46,45,0,0,0,0,0,0,0,0,0,0,0,0,0,0,0,0,0,0,0,0,0,4.129,3.301,1,3,0,1,0,335,126.67494937955584,155.0
2023-wimbledon-1309,Jannik Sinner,Quentin Halys,01:02:04,2,7,92,0,1,4,2,2,0,1,2,1,47,45,0,0,0,0,0,0,0,0,0,0,0,0,0,0,0,0,0,0,0,0,0,3.554,3.407,1,4,0,0,0,335,128.01232917521693,155.0
2023-wimbledon-1309,Jannik Sinner,Quentin Halys,01:02:57,2,7,93,0,1,4,2,3,0,1,1,1,48,45,1,0,0,0,1,0,2,0,0,0,0,0,0,0,0,0,0,0,0,0,0,8.081,7.684,3,0,1,0,0,335,130.8603318434862,155.0
2023-wimbledon-1309,Jannik Sinner,Quentin Halys,01:04:54,2,8,94,0,1,5,2,0,0,2,2,1,49,45,0,0,0,0,0,0,0,0,1,0,1,0,0,0,0,0,0,0,0,0,0,1.166,1.31,0,4,2,0,1,336,135.68670942906817,156.0
2023-wimbledon-1309,Jannik Sinner,Quentin Halys,01:05:23,2,8,95,0,1,5,2,1,0,2,2,1,50,45,0,0,0,0,1,0,2,0,0,0,0,0,1,0,0,0,0,0,0,0,0,19.38,12.73,4,1,0,0,0,336,137.523634231262,155.3
2023-wimbledon-1309,Jannik Sinner,Quentin Halys,01:05:58,2,8,96,0,1,5,2,2,0,2,1,2,50,46,0,0,0,0,0,1,1,0,0,0,0,0,0,0,0,0,0,0,0,0,0,7.793,6.834,3,1,0,0,0,336,135.0,156.8374936720174
2023-wimbledon-1309,Jannik Sinner,Quentin Halys,01:06:25,2,8,97,0,1,5,2,2,1,2,2,1,51,46,0,0,0,0,0,0,0,0,1,0,1,0,0,0,0,0,0,0,0,0,0,4.704,3.344,0,2,1,1,0,336,136.3374936720174,157.0
2023-wimbledon-1309,Jannik Sinner,Quentin Halys,01:06:58,2,8,98,0,1,5,2,3,1,2,1,2,51,47,0,0,0,0,0,1,2,0,0,0,0,0,1,0,1,1,0,0,0,1,0,34.76,16.477,5,3,0,1,0,336,138.5,158.1374936720174
2023-wimbledon-1309,Jannik Sinner,Quentin Halys,01:07:32,2,8,99,0,1,5,2,3,2,2,2,1,52,47,1,1,0,0,0,0,0,0,0,0,1,0,0,0,0,1,0,1,0,0,0,10.999,8.793,2,2,0,1,0,336,152.0412501490158,157.35
2023-wimbledon-1309,Jannik Sinner,Quentin Halys,01:10:01,3,1,100,1,1,0,0,0,0,1,2,2,52,48,0,0,0,0,0,0,0,1,0,1,0,0,0,0,0,0,0,0,0,0,0,1.404,1.615,0,4,1,1,1,337,168.0,158.3374936720174
2023-wimbledon-1309,Jannik Sinner,Quentin Halys,01:10:30,3,1,101,1,1,0,0,0,1,1,2,1,53,48,0,0,0,0,0,0,0,0,0,0,1,0,0,0,0,0,0,0,0,0,0,20.059,16.242,5,2,0,1,0,337,168.3374936720174,158.35
2023-wimbledon-1309,Jannik Sinner,Quentin Halys,01:11:15,3,1,102,1,1,0,0,1,1,1,1,1,54,48,0,0,1,0,1,0,0,0,0,0,0,0,0,0,0,0,0,0,0,0,0,0.815,1.2,1,0,1,0,0,337,170.92494937955584,158.0
2023-wimbledon-1309,Jannik Sinner,Quentin Halys,01:11:36,3,1,103,1,1,0,0,2,1,1,2,2,54,49,0,0,0,0,0,0,0,1,0,1,0,0,0,0,0,0,0,0,0,0,0,8.021,7.621,0,2,1,1,0,337,170.0,159.3374936720174
2023-wimbledon-1309,Jannik Sinner,Quentin Halys,01:12:11,3,1,104,1,1,0,0,2,2,1,2,1,55,49,0,0,0,0,0,0,0,0,0,0,0,0,0,0,0,0,0,0,0,0,0,15.102,12.842,3,2,0,0,0,337,170.3374936720174,159.0
2023-wimbledon-1309,Jannik Sinner,Quentin Halys,01:12:47,3,1,105,1,1,0,0,3,2,1,2,1,56,49,1,0,0,0,0,0,0,0,0,0,1,0,0,0,0,0,0,0,0,0,0,5.848,8.541,3,1,1,0,0,337,174.7041001335205,159.35
2023-wimbledon-1309,Jannik Sinner,Quentin Halys,01:13:40,3,2,106,1,1,1,0,0,0,2,1,2,56,50,0,0,0,0,0,0,0,0,0,0,0,0,0,0,0,0,0,0,0,0,0,2.795,2.094,1,3,0,0,1,338,176.0,160.3374936720174
2023-wimbledon-1309,Jannik Sinner,Quentin Halys,01:13:54,3,2,107,1,1,1,0,0,1,2,2,2,56,51,0,0,0,0,0,0,0,0,0,1,0,0,0,0,0,0,0,0,0,0,0,9.693,5.098,3,2,0,0,0,338,176.35,161.67494937955584
2023-wimbledon-1309,Jannik Sinner,Quentin Halys,01:14:22,3,2,108,1,1,1,0,0,2,2,1,2,56,52,0,0,0,1,0,1,0,0,0,0,0,0,0,0,0,0,0,0,0,0,0,1.187,0.923,1,0,1,0,0,338,176.0,164.26232917521693
2023-wimbledon-1309,Jannik Sinner,Quentin Halys,01:14:38,3,2,109,1,1,1,0,0,3,2,1,2,56,53,2,0,0,0,0,0,0,0,0,0,0,0,0,0,0,0,0,0,0,0,0,11.573,8.183,3,3,0,0,0,338,176.0,165.3603318434862
2023-wimbledon-1309,Jannik Sinner,Quentin Halys,01:15:19,3,3,110,1,1,1,1,0,0,1,2,2,56,54,0,0,0,0,0,0,0,1,0,1,0,0,0,0,0,0,0,0,0,0,0,2.862,2.751,0,4,0,0,1,339,177.0,170.68670942906817
2023-wimbledon-1309,Jannik Sinner,Quentin Halys,01:16:29,3,3,111,1,1,1,1,0,1,1,1,1,57,54,0,0,0,0,0,0,0,0,0,0,0,0,0,0,0,0,0,0,0,0,0,1.427,1.111,1,0,1,1,0,339,177.3374936720174,169.0
2023-wimbledon-1309,Jannik Sinner,Quentin Halys,01:16:50,3,3,112,1,1,1,1,1,1,1,1,1,58,54,0,0,1,0,1,0,0,0,0,0,0,0,0,0,0,0,0,0,0,0,0,0.856,0.511,1,1,1,0,0,339,179.92494937955584,169.0
2023-wimbledon-1309,Jannik Sinner,Quentin Halys,01:17:10,3,3,113,1,1,1,1,2,1,1,2,1,59,54,0,0,0,0,0,0,0,0,0,0,0,0,0,0,0,0,0,0,0,0,0,10.158,9.565,3,2,0,0,0,339,180.01232917521693,169.0
2023-wimbledon-1309,Jannik Sinner,Quentin Halys,01:17:43,3,3,114,1,1,1,1,3,1,1,2,1,60,54,1,0,0,0,0,0,0,0,0,0,0,0,0,0,0,0,0,0,0,0,0,2.821,4.457,1,2,0,0,0,339,182.3603318434862,169.0
2023-wimbledon-1309,Jannik Sinner,Quentin Halys,01:19:29,3,4,115,1,1,2,1,0,0,2,1,2,60,55,0,0,0,0,0,0,0,0,0,0,0,0,0,0,0,0,0,0,0,0,0,6.115,6.739,1,1,1,0,1,340,185.0,170.3374936720174
2023-wimbledon-1309,Jannik Sinner,Quentin Halys,01:19:47,3,4,116,1,1,2,1,0,1,2,1,2,60,56,0,0,0,0,0,0,0,0,0,0,0,0,0,0,0,0,0,0,0,0,0,1.261,1.42,1,0,1,1,0,340,185.0,171.67494937955584
2023-wimbledon-1309,Jannik Sinner,Quentin Halys,01:20:05,3,4,117,1,1,2,1,0,2,2,1,2,60,57,0,0,0,0,0,0,0,0,0,0,0,0,0,0,0,0,0,0,0,0,0,32.616,22.578,9,3,0,1,0,340,185.0,173.01232917521693
2023-wimbledon-1309,Jannik Sinner,Quentin Halys,01:20:45,3,4,118,1,1,2,1,0,3,2,2,2,60,58,2,0,0,0,0,0,0,0,0,0,0,0,0,0,0,0,0,0,0,0,0,3.151,3.685,1,3,0,1,0,340,185.0,175.3603318434862
2023-wimbledon-1309,Jannik Sinner,Quentin Halys,01:21:29,3,5,119,1,1,2,2,0,0,1,2,1,61,58,0,0,0,0,0,0,0,0,0,0,1,0,0,0,0,0,0,0,0,0,0,10.051,8.597,3,4,0,1,1,341,186.3374936720174,178.35
2023-wimbledon-1309,Jannik Sinner,Quentin Halys,01:22:16,3,5,120,1,1,2,2,1,0,1,2,1,62,58,0,0,0,0,0,0,0,0,0,0,1,0,0,0,0,0,0,0,0,0,0,3.053,4.395,1,3,0,0,0,341,187.67494937955584,178.35
2023-wimbledon-1309,Jannik Sinner,Quentin Halys,01:22:46,3,5,121,1,1,2,2,2,0,1,1,1,63,58,0,0,0,0,1,0,1,0,0,0,0,1,0,1,0,0,0,0,0,0,0,8.15,11.553,3,0,1,0,0,341,189.81232917521695,178.0
2023-wimbledon-1309,Jannik Sinner,Quentin Halys,01:23:11,3,5,122,1,1,2,2,3,0,1,2,1,64,58,1,0,0,0,0,0,0,0,0,0,0,0,0,0,0,0,0,0,0,0,0,3.06,4.068,1,4,0,0,0,341,191.3603318434862,178.0
2023-wimbledon-1309,Jannik Sinner,Quentin Halys,01:24:56,3,6,123,1,1,3,2,0,0,2,2,1,65,58,0,0,0,0,1,0,1,0,0,0,0,0,0,0,0,0,0,0,0,0,0,2.84,2.182,8,2,1,1,1,342,197.18670942906817,178.0
2023-wimbledon-1309,Jannik Sinner,Quentin Halys,01:25:32,3,6,124,1,1,3,2,1,0,2,2,1,66,58,0,0,0,0,1,0,1,0,0,0,0,1,0,1,0,0,0,0,0,0,0,19.782,15.359,4,2,0,0,0,342,198.82363423126202,178.0
2023-wimbledon-1309,Jannik Sinner,Quentin Halys,01:26:15,3,6,125,1,1,3,2,2,0,2,1,1,67,58,0,0,0,0,0,0,0,0,0,0,1,0,0,0,0,0,0,0,0,0,0,4.212,3.098,2,3,0,0,0,342,199.3603318434862,178.35
2023-wimbledon-1309,Jannik Sinner,Quentin Halys,01:26:42,3,6,126,1,1,3,2,3,0,2,1,2,67,59,0,0,0,0,0,0,0,0,0,1,0,0,0,0,0,1,0,0,0,1,0,14.227,13.772,5,1,1,1,0,342,199.85,179.3374936720174
2023-wimbledon-1309,Jannik Sinner,Quentin Halys,01:27:16,3,6,127,1,1,3,2,3,1,2,1,2,67,60,0,0,0,1,0,1,0,0,0,0,0,0,0,0,0,1,0,0,0,1,0,0.951,0.975,1,0,1,0,0,342,199.5,181.92494937955584
2023-wimbledon-1309,Jannik Sinner,Quentin Halys,01:27:40,3,6,128,1,1,3,2,3,2,2,2,1,68,60,1,0,0,0,0,0,0,0,1,0,1,0,0,0,0,1,0,1,0,0,0,5.073,4.987,0,0,1,0,0,342,210.3603318434862,181.0
2023-wimbledon-1309,Jannik Sinner,Quentin Halys,01:28:23,3,7,129,1,1,4,2,0,0,1,2,1,69,60,0,0,0,0,0,0,0,0,0,0,0,0,0,0,0,0,0,0,0,0,0,4.729,8.54,3,2,0,0,1,343,204.67494937955584,180.0
2023-wimbledon-1309,Jannik Sinner,Quentin Halys,01:28:58,3,7,130,1,1,4,2,1,0,1,1,1,70,60,0,0,0,0,1,0,1,0,0,0,0,1,0,1,0,0,0,0,0,0,0,16.199,14.972,5,1,0,0,0,343,206.81232917521695,180.0
2023-wimbledon-1309,Jannik Sinner,Quentin Halys,01:29:29,3,7,131,1,1,4,2,2,0,1,1,2,70,61,0,0,0,0,0,0,0,0,0,1,0,1,0,0,0,0,0,0,0,0,0,11.892,9.841,2,3,0,0,0,343,205.65,181.3374936720174
2023-wimbledon-1309,Jannik Sinner,Quentin Halys,01:29:58,3,7,132,1,1,4,2,2,1,1,1,1,71,61,0,0,0,0,0,0,0,0,0,0,0,0,0,0,0,0,0,0,0,0,0,39.86,41.895,7,1,0,0,0,343,206.3374936720174,181.0
2023-wimbledon-1309,Jannik Sinner,Quentin Halys,01:30:32,3,7,133,1,1,4,2,3,1,1,1,1,72,61,1,0,0,0,0,0,0,0,0,0,0,0,0,0,0,0,0,0,0,0,0,4.381,4.576,1,4,1,1,0,343,210.7041001335205,181.0
2023-wimbledon-1309,Jannik Sinner,Quentin Halys,01:32:04,3,8,134,1,1,5,2,0,0,2,2,2,72,62,0,0,0,0,0,0,0,0,0,1,0,0,0,0,0,0,0,0,0,0,0,11.126,9.778,3,4,0,0,1,344,212.35,182.3374936720174
2023-wimbledon-1309,Jannik Sinner,Quentin Halys,01:32:37,3,8,135,1,1,5,2,0,1,2,1,2,72,63,0,0,0,1,0,1,0,0,0,0,0,0,0,0,0,0,0,0,0,0,0,6.705,6.15,1,1,1,1,0,344,212.0,184.92494937955584
2023-wimbledon-1309,Jannik Sinner,Quentin Halys,01:33:09,3,8,136,1,1,5,2,0,2,2,1,2,72,64,0,0,0,0,0,0,0,0,0,0,0,0,0,0,0,0,0,0,0,0,0,4.422,3.462,1,3,0,1,0,344,212.0,185.01232917521693
2023-wimbledon-1309,Jannik Sinner,Quentin Halys,01:33:46,3,8,137,1,1,5,2,0,3,2,1,2,72,65,2,0,0,0,0,0,0,0,0,0,0,0,0,0,0,0,0,0,0,0,0,12.209,8.743,3,1,0,0,0,344,212.0,187.3603318434862
2023-wimbledon-1309,Jannik Sinner,Quentin Halys,01:34:45,3,9,138,1,1,5,3,0,0,1,2,1,73,65,0,0,0,0,0,0,0,0,0,0,0,0,0,0,0,0,0,0,0,0,0,4.767,4.533,1,2,1,1,1,345,213.3374936720174,190.0
2023-wimbledon-1309,Jannik Sinner,Quentin Halys,01:35:15,3,9,139,1,1,5,3,1,0,1,2,1,74,65,0,0,0,0,0,0,0,0,0,0,1,0,0,0,0,0,0,0,0,0,0,9.742,7.781,5,2,0,0,0,345,214.67494937955584,190.35
2023-wimbledon-1309,Jannik Sinner,Quentin Halys,01:35:49,3,9,140,1,1,5,3,2,0,1,1,1,75,65,0,0,0,0,0,0,0,0,0,0,0,0,0,0,0,0,0,0,0,0,0,5.689,5.743,1,0,1,1,0,345,216.01232917521693,190.0
2023-wimbledon-1309,Jannik Sinner,Quentin Halys,01:36:13,3,9,141,1,1,5,3,3,0,1,2,2,75,66,0,0,0,0,0,0,0,0,0,1,0,0,0,0,0,0,0,0,0,0,0,8.635,8.816,2,3,0,1,0,345,215.35,191.3374936720174
2023-wimbledon-1309,Jannik Sinner,Quentin Halys,01:36:46,3,9,142,1,1,5,3,3,1,1,1,1,76,66,1,1,1,0,1,0,0,0,0,0,0,0,0,0,0,0,0,0,0,0,0,0.676,0.622,1,0,1,0,0,345,223.94982651304932,191.0
2023-wimbledon-1309,Jannik Sinner,Quentin Halys,01:39:04,4,1,143,2,1,0,0,0,0,2,1,2,76,67,0,0,0,1,0,1,0,0,0,0,0,0,0,0,0,0,0,0,0,0,0,0.644,0.905,1,1,0,0,1,346,246.0,193.5874936720174
2023-wimbledon-1309,Jannik Sinner,Quentin Halys,01:39:18,4,1,144,2,1,0,0,0,1,2,2,1,77,67,0,0,0,0,0,0,0,0,1,0,1,0,0,0,0,0,0,0,0,0,0,1.594,2.03,0,3,1,1,0,346,247.3374936720174,193.0
2023-wimbledon-1309,Jannik Sinner,Quentin Halys,01:39:52,4,1,145,2,1,0,0,1,1,2,1,2,77,68,0,0,0,0,0,1,0,0,0,0,0,0,0,0,0,0,0,0,0,0,0,0.6,0.702,1,1,0,1,0,346,247.0,193.8374936720174
2023-wimbledon-1309,Jannik Sinner,Quentin Halys,01:40:10,4,1,146,2,1,0,0,1,2,2,2,1,78,68,0,0,0,0,0,0,0,0,0,0,1,0,0,0,0,0,0,0,0,0,0,12.387,8.998,2,2,0,0,0,346,248.3374936720174,193.35
2023-wimbledon-1309,Jannik Sinner,Quentin Halys,01:40:44,4,1,147,2,1,0,0,2,2,2,1,2,78,69,0,0,0,0,0,0,0,0,0,0,0,0,0,0,0,0,0,0,0,0,0,5.685,5.002,1,1,0,0,0,346,248.0,194.3374936720174
2023-wimbledon-1309,Jannik Sinner,Quentin Halys,01:41:04,4,1,148,2,1,0,0,2,3,2,2,1,79,69,0,0,0,0,0,0,0,0,0,0,1,0,0,0,0,0,0,0,0,0,0,3.973,5.34,2,3,0,0,0,346,249.3374936720174,194.35
2023-wimbledon-1309,Jannik Sinner,Quentin Halys,01:41:50,4,1,149,2,1,0,0,3,3,2,2,1,80,69,0,0,0,0,0,0,0,0,0,0,0,0,0,0,0,0,0,0,0,0,0,5.625,4.552,2,1,0,1,0,346,250.67494937955584,194.0
2023-wimbledon-1309,Jannik Sinner,Quentin Halys,01:42:23,4,1,150,2,1,0,0,4,3,2,2,2,80,70,0,0,0,0,0,0,0,0,0,0,0,0,1,0,1,1,0,0,0,1,0,22.574,22.213,5,1,0,1,0,346,252.5,195.6374936720174
2023-wimbledon-1309,Jannik Sinner,Quentin Halys,01:43:09,4,1,151,2,1,0,0,4,4,2,1,2,80,71,0,0,0,0,0,0,0,0,0,1,0,0,0,0,0,0,0,0,0,0,0,21.541,17.541,5,0,1,0,0,346,250.35,196.67494937955584
2023-wimbledon-1309,Jannik Sinner,Quentin Halys,01:43:37,4,1,152,2,1,0,0,4,5,2,1,1,81,71,0,0,0,0,0,0,0,0,0,0,1,0,0,0,0,0,0,0,0,0,0,21.138,19.865,6,3,0,1,0,346,251.3374936720174,196.35
2023-wimbledon-1309,Jannik Sinner,Quentin Halys,01:44:11,4,1,153,2,1,0,0,5,5,2,2,2,81,72,0,0,0,0,0,1,1,0,0,0,0,0,1,0,1,0,0,0,0,0,0,7.977,5.872,3,4,0,0,0,346,251.0,198.1374936720174
2023-wimbledon-1309,Jannik Sinner,Quentin Halys,01:44:48,4,1,154,2,1,0,0,5,6,2,2,1,82,72,0,0,0,0,1,0,2,0,0,0,0,0,0,0,0,0,0,0,0,0,0,37.019,22.668,6,0,1,0,0,346,252.8374936720174,197.0
2023-wimbledon-1309,Jannik Sinner,Quentin Halys,01:45:42,4,1,155,2,1,0,0,6,6,2,1,2,82,73,0,0,0,0,0,0,0,0,0,0,0,0,0,0,0,0,0,0,0,0,0,5.004,3.091,1,0,1,0,0,346,252.0,198.3374936720174
2023-wimbledon-1309,Jannik Sinner,Quentin Halys,01:46:03,4,1,156,2,1,0,0,6,7,2,1,2,82,74,2,0,0,0,0,0,0,0,0,0,0,0,0,0,0,0,0,0,0,0,0,1.312,1.455,1,4,0,0,0,346,252.0,200.68670942906817
2023-wimbledon-1309,Jannik Sinner,Quentin Halys,01:47:17,4,2,157,2,1,0,1,0,0,1,1,1,83,74,0,0,0,0,0,0,0,0,0,0,0,0,0,0,0,0,0,0,0,0,0,1.4,2.21,1,0,0,0,1,347,253.3374936720174,204.0
2023-wimbledon-1309,Jannik Sinner,Quentin Halys,01:47:40,4,2,158,2,1,0,1,1,0,1,2,2,83,75,0,0,0,0,0,0,0,0,0,0,0,0,0,0,0,0,0,0,0,0,0,6.733,5.61,2,2,0,0,0,347,253.0,205.3374936720174
2023-wimbledon-1309,Jannik Sinner,Quentin Halys,01:48:14,4,2,159,2,1,0,1,1,1,1,2,2,83,76,0,0,0,0,0,0,0,1,0,1,0,0,0,0,0,0,0,0,0,0,0,3.797,4.421,0,2,1,0,0,347,254.0,206.67494937955584
2023-wimbledon-1309,Jannik Sinner,Quentin Halys,01:48:53,4,2,160,2,1,0,1,1,2,1,2,2,83,77,0,0,0,0,0,0,0,0,0,0,0,0,0,0,0,0,0,0,0,0,0,9.279,8.514,2,4,0,1,0,347,253.0,208.01232917521693
2023-wimbledon-1309,Jannik Sinner,Quentin Halys,01:49:32,4,2,161,2,1,0,1,1,3,1,1,1,84,77,0,0,0,0,1,0,1,0,0,0,0,0,0,0,0,0,1,0,0,0,1,11.132,11.133,3,1,0,1,0,347,254.8374936720174,209.5
2023-wimbledon-1309,Jannik Sinner,Quentin Halys,01:50:09,4,2,162,2,1,0,1,2,3,1,1,2,84,78,2,0,0,0,0,0,0,0,0,0,0,1,0,0,0,0,1,0,1,0,0,19.265,16.537,4,1,0,0,0,347,254.3,220.3603318434862
2023-wimbledon-1309,Jannik Sinner,Quentin Halys,01:50:53,4,3,163,2,1,0,2,0,0,2,1,2,84,79,0,0,0,1,0,1,0,0,0,0,0,0,0,0,0,0,0,0,0,0,0,1.273,1.322,1,0,1,0,1,348,254.0,215.92494937955584
2023-wimbledon-1309,Jannik Sinner,Quentin Halys,01:51:08,4,3,164,2,1,0,2,0,1,2,2,2,84,80,0,0,0,0,0,0,0,0,0,1,0,1,0,0,0,0,0,0,0,0,0,13.256,12.049,3,3,0,1,0,348,254.65,216.01232917521693
2023-wimbledon-1309,Jannik Sinner,Quentin Halys,01:51:41,4,3,165,2,1,0,2,0,2,2,1,1,85,80,0,0,0,0,1,0,1,0,0,0,0,0,0,0,0,0,0,0,0,0,0,5.273,3.179,2,0,1,0,0,348,255.8374936720174,215.0
2023-wimbledon-1309,Jannik Sinner,Quentin Halys,01:52:07,4,3,166,2,1,0,2,1,2,2,2,1,86,80,0,0,0,0,0,0,0,0,1,0,1,0,0,0,0,0,0,0,0,0,0,4.613,3.84,0,0,1,0,0,348,256.6749493795558,216.0
2023-wimbledon-1309,Jannik Sinner,Quentin Halys,01:52:42,4,3,167,2,1,0,2,2,2,2,2,2,86,81,0,0,0,0,0,0,0,0,0,1,0,0,0,0,0,0,0,0,0,0,0,14.446,12.394,3,4,0,0,0,348,256.35,216.3374936720174
2023-wimbledon-1309,Jannik Sinner,Quentin Halys,01:53:16,4,3,168,2,1,0,2,2,3,2,2,1,87,81,0,0,0,0,1,0,1,0,0,0,0,0,0,0,0,0,0,0,0,0,0,17.847,18.644,4,3,0,0,0,348,257.8374936720174,216.0
2023-wimbledon-1309,Jannik Sinner,Quentin Halys,01:54:12,4,3,169,2,1,0,2,3,3,2,1,2,87,82,0,0,0,1,0,1,0,0,0,0,0,0,0,0,0,0,0,0,0,0,0,0.88,0.538,1,0,1,0,0,348,257.0,218.5874936720174
2023-wimbledon-1309,Jannik Sinner,Quentin Halys,01:54:33,4,3,170,2,1,0,2,3,4,2,2,1,88,82,0,0,0,0,1,0,1,0,0,0,0,0,0,0,0,0,0,0,0,0,0,10.319,8.753,4,2,0,0,0,348,258.8374936720174,217.0
2023-wimbledon-1309,Jannik Sinner,Quentin Halys,01:55:11,4,3,171,2,1,0,2,4,4,2,1,1,89,82,0,0,0,0,0,0,0,0,0,0,0,0,0,0,0,0,0,0,0,0,0,4.254,3.309,2,1,0,1,0,348,259.6749493795558,217.0
2023-wimbledon-1309,Jannik Sinner,Quentin Halys,01:55:38,4,3,172,2,1,0,2,5,4,2,1,1,90,82,1,0,0,0,0,0,0,0,0,0,0,0,0,0,0,1,0,1,0,0,0,15.722,14.581,4,0,0,1,0,348,272.023634231262,217.0
2023-wimbledon-1309,Jannik Sinner,Quentin Halys,01:57:30,4,4,173,2,1,1,2,0,0,1,1,1,91,82,0,0,1,0,1,0,0,0,0,0,0,0,0,0,0,0,0,0,0,0,0,0.853,0.873,1,0,1,1,1,349,268.5995951457469,217.0
2023-wimbledon-1309,Jannik Sinner,Quentin Halys,01:57:49,4,4,174,2,1,1,2,1,0,1,1,2,91,83,0,0,0,0,0,0,0,0,0,1,0,0,0,0,0,0,0,0,0,0,0,3.543,5.171,2,0,1,0,0,349,266.35,218.3374936720174
2023-wimbledon-1309,Jannik Sinner,Quentin Halys,01:58:12,4,4,175,2,1,1,2,1,1,1,1,1,92,83,0,0,0,0,1,0,1,0,0,0,0,1,0,1,0,0,0,0,0,0,0,15.284,18.557,5,0,1,1,0,349,268.1374936720174,218.0
2023-wimbledon-1309,Jannik Sinner,Quentin Halys,01:58:45,4,4,176,2,1,1,2,2,1,1,2,2,92,84,0,0,0,0,0,1,2,0,0,0,0,0,0,0,0,0,0,0,0,0,0,4.232,4.336,2,2,0,1,0,349,267.0,219.8374936720174
2023-wimbledon-1309,Jannik Sinner,Quentin Halys,01:59:39,4,4,177,2,1,1,2,2,2,1,2,2,92,85,0,0,0,0,0,0,0,0,0,1,0,0,0,0,0,0,0,0,0,0,0,22.308,24.623,8,2,0,0,0,349,267.35,220.67494937955584
2023-wimbledon-1309,Jannik Sinner,Quentin Halys,02:00:40,4,4,178,2,1,1,2,2,3,1,2,1,93,85,0,0,0,0,0,0,0,0,0,0,0,0,0,0,0,0,1,0,0,0,1,0.93,1.591,1,4,0,0,0,349,268.3374936720174,222.5
2023-wimbledon-1309,Jannik Sinner,Quentin Halys,02:01:12,4,4,179,2,1,1,2,3,3,1,2,1,94,85,0,0,1,0,1,0,0,0,0,0,0,0,0,0,0,0,0,0,0,0,0,0.998,1.284,1,2,1,1,0,349,270.9249493795558,220.0
2023-wimbledon-1309,Jannik Sinner,Quentin Halys,02:01:41,4,4,180,2,1,1,2,4,3,1,1,1,95,85,1,0,0,0,0,0,0,0,0,0,0,0,0,0,0,0,0,0,0,0,0,4.123,4.566,1,2,0,1,0,349,273.03289518896105,220.0
2023-wimbledon-1309,Jannik Sinner,Quentin Halys,02:02:15,4,5,181,2,1,2,2,0,0,2,1,2,95,86,0,0,0,0,0,1,0,0,0,0,0,0,0,0,0,0,0,0,0,0,0,0.653,0.562,1,1,0,0,1,350,275.0,221.8374936720174
2023-wimbledon-1309,Jannik Sinner,Quentin Halys,02:02:33,4,5,182,2,1,2,2,0,1,2,1,2,95,87,0,0,0,0,0,1,0,0,0,0,0,0,0,0,0,0,0,0,0,0,0,0.679,0.625,1,1,0,1,0,350,275.0,223.17494937955584
2023-wimbledon-1309,Jannik Sinner,Quentin Halys,02:02:50,4,5,183,2,1,2,2,0,2,2,2,1,96,87,0,0,0,0,0,0,0,0,0,0,0,0,0,0,0,0,0,0,0,0,0,6.611,5.496,2,4,0,1,0,350,276.3374936720174,222.0
2023-wimbledon-1309,Jannik Sinner,Quentin Halys,02:04:01,4,5,184,2,1,2,2,1,2,2,1,1,97,87,0,0,0,0,0,0,0,0,0,0,1,0,0,0,0,0,0,0,0,0,0,41.84,40.948,12,1,0,0,0,350,277.6749493795558,222.35
2023-wimbledon-1309,Jannik Sinner,Quentin Halys,02:04:40,4,5,185,2,1,2,2,2,2,2,2,1,98,87,0,0,0,0,0,0,0,0,0,0,1,0,0,0,0,0,0,0,0,0,0,4.666,5.976,2,1,0,0,0,350,279.0123291752169,222.35
2023-wimbledon-1309,Jannik Sinner,Quentin Halys,02:04:56,4,5,186,2,1,2,2,3,2,2,1,2,98,88,0,0,0,0,0,0,0,0,0,0,0,0,0,0,0,1,0,0,0,1,0,2.116,2.533,1,0,1,0,0,350,280.5,223.3374936720174
2023-wimbledon-1309,Jannik Sinner,Quentin Halys,02:05:26,4,5,187,2,1,2,2,3,3,2,2,2,98,89,0,0,0,0,0,0,0,0,0,0,0,0,0,0,0,0,0,0,0,0,0,5.171,4.216,1,3,0,1,0,350,278.0,224.67494937955584
2023-wimbledon-1309,Jannik Sinner,Quentin Halys,02:06:09,4,5,188,2,1,2,2,3,4,2,1,2,98,90,2,0,0,0,0,0,0,0,0,1,0,0,0,0,0,0,0,0,0,0,0,15.461,19.32,5,1,0,0,0,350,278.35,227.023634231262
2023-wimbledon-1309,Jannik Sinner,Quentin Halys,02:07:55,4,6,189,2,1,2,3,0,0,1,2,1,99,90,0,0,0,0,1,0,1,0,0,0,0,1,0,1,0,0,0,0,0,0,0,34.231,24.76,9,4,0,1,1,351,280.1374936720174,230.0
2023-wimbledon-1309,Jannik Sinner,Quentin Halys,02:08:46,4,6,190,2,1,2,3,1,0,1,2,1,100,90,0,0,0,0,0,0,0,0,0,0,0,0,0,0,0,0,0,0,0,0,0,3.503,3.135,1,2,0,0,0,351,280.6749493795558,230.0
2023-wimbledon-1309,Jannik Sinner,Quentin Halys,02:09:16,4,6,191,2,1,2,3,2,0,1,1,1,101,90,0,0,0,0,0,0,0,0,0,0,0,0,0,0,0,0,0,0,0,0,0,4.498,3.749,1,4,1,1,0,351,282.0123291752169,230.0
2023-wimbledon-1309,Jannik Sinner,Quentin Halys,02:09:34,4,6,192,2,1,2,3,3,0,1,2,2,101,91,0,0,0,0,0,1,1,0,0,0,0,0,1,0,1,0,0,0,0,0,0,11.252,11.218,4,3,0,1,0,351,281.0,232.1374936720174
2023-wimbledon-1309,Jannik Sinner,Quentin Halys,02:10:10,4,6,193,2,1,2,3,3,1,1,1,1,102,91,1,0,0,0,1,0,1,0,0,0,0,0,0,0,0,0,0,0,0,0,0,5.694,7.765,3,1,0,0,0,351,283.8495951457469,231.0
2023-wimbledon-1309,Jannik Sinner,Quentin Halys,02:11:09,4,7,194,2,1,3,3,0,0,2,1,2,102,92,0,0,0,0,0,0,0,0,0,0,0,0,0,0,0,0,0,0,0,0,0,2.885,2.088,1,1,0,0,1,352,287.0,232.3374936720174
2023-wimbledon-1309,Jannik Sinner,Quentin Halys,02:11:27,4,7,195,2,1,3,3,0,1,2,1,1,103,92,0,0,0,0,0,0,0,0,0,0,1,0,0,0,0,0,0,0,0,0,0,9.857,9.15,2,1,0,0,0,352,288.3374936720174,232.35
2023-wimbledon-1309,Jannik Sinner,Quentin Halys,02:11:50,4,7,196,2,1,3,3,1,1,2,2,2,103,93,0,0,0,0,0,0,0,0,0,0,0,0,0,0,0,0,0,0,0,0,0,3.684,2.95,1,0,1,0,0,352,288.0,233.3374936720174
2023-wimbledon-1309,Jannik Sinner,Quentin Halys,02:12:17,4,7,197,2,1,3,3,1,2,2,1,2,103,94,0,0,0,0,0,0,0,0,0,0,0,0,0,0,0,0,0,0,0,0,0,2.061,1.615,1,1,0,0,0,352,288.0,234.67494937955584
2023-wimbledon-1309,Jannik Sinner,Quentin Halys,02:12:54,4,7,198,2,1,3,3,1,3,2,2,2,103,95,2,0,0,0,0,0,0,0,0,0,0,0,0,0,0,0,0,0,0,0,0,4.116,4.524,1,4,0,0,0,352,288.0,237.023634231262
2023-wimbledon-1309,Jannik Sinner,Quentin Halys,02:14:41,4,8,199,2,1,3,4,0,0,1,1,1,104,95,0,0,1,0,1,0,0,0,0,0,0,0,0,0,0,0,0,0,0,0,0,1.221,1.228,1,1,0,0,1,353,290.5874936720174,240.0
2023-wimbledon-1309,Jannik Sinner,Quentin Halys,02:15:00,4,8,200,2,1,3,4,1,0,1,2,1,105,95,0,0,0,0,0,0,0,0,0,0,0,0,0,0,0,0,0,0,0,0,0,41.96,42.915,11,2,0,1,0,353,290.6749493795558,240.0
2023-wimbledon-1309,Jannik Sinner,Quentin Halys,02:16:01,4,8,201,2,1,3,4,2,0,1,1,1,106,95,0,0,0,0,0,0,0,0,0,0,0,0,0,0,0,0,0,0,0,0,0,5.163,4.674,1,0,1,0,0,353,292.0123291752169,240.0
2023-wimbledon-1309,Jannik Sinner,Quentin Halys,02:16:21,4,8,202,2,1,3,4,3,0,1,2,1,107,95,1,0,0,0,1,0,2,0,0,0,0,0,0,0,0,0,0,0,0,0,0,6.235,7.828,3,3,0,1,0,353,294.86033184348616,240.0
2023-wimbledon-1309,Jannik Sinner,Quentin Halys,02:17:21,4,9,203,2,1,4,4,0,0,2,1,1,108,95,0,0,0,0,0,0,0,0,0,0,1,0,0,0,0,0,0,0,0,0,0,8.307,23.351,4,2,1,1,1,354,299.6867094290682,240.35
2023-wimbledon-1309,Jannik Sinner,Quentin Halys,02:17:51,4,9,204,2,1,4,4,1,0,2,2,2,108,96,0,0,0,0,0,0,0,0,0,0,0,0,0,0,0,0,0,0,0,0,0,5.698,5.914,1,3,1,0,0,354,298.0,241.3374936720174
2023-wimbledon-1309,Jannik Sinner,Quentin Halys,02:18:35,4,9,205,2,1,4,4,1,1,2,1,2,108,97,0,0,0,1,0,1,0,0,0,0,0,0,0,0,0,0,0,0,0,0,0,0.564,0.865,1,0,1,1,0,354,298.0,243.92494937955584
2023-wimbledon-1309,Jannik Sinner,Quentin Halys,02:18:57,4,9,206,2,1,4,4,1,2,2,2,1,109,97,0,0,0,0,0,0,0,0,0,0,1,0,0,0,0,0,0,0,0,0,0,10.742,11.007,4,4,0,0,0,354,299.3374936720174,242.35
2023-wimbledon-1309,Jannik Sinner,Quentin Halys,02:19:40,4,9,207,2,1,4,4,2,2,2,2,1,110,97,0,0,0,0,0,0,0,0,0,0,1,0,0,0,0,0,0,0,0,0,0,23.448,24.343,8,4,1,0,0,354,300.6749493795558,242.35
2023-wimbledon-1309,Jannik Sinner,Quentin Halys,02:20:36,4,9,208,2,1,4,4,3,2,2,1,1,111,97,1,0,0,0,0,0,0,0,0,0,0,1,0,1,0,1,0,1,0,0,0,43.138,32.657,6,1,0,1,0,354,314.33289518896106,242.0
2023-wimbledon-1309,Jannik Sinner,Quentin Halys,02:22:27,4,10,209,2,1,5,4,0,0,1,1,1,112,97,0,0,0,0,1,0,1,0,0,0,0,0,0,0,0,0,0,0,0,0,0,17.704,18.501,5,3,0,0,1,355,308.8495951457469,242.0
2023-wimbledon-1309,Jannik Sinner,Quentin Halys,02:22:56,4,10,210,2,1,5,4,1,0,1,1,1,113,97,0,0,0,0,0,0,0,0,0,0,0,0,0,0,0,0,0,0,0,0,0,16.327,18.803,3,4,0,0,0,355,309.6867094290682,242.0
2023-wimbledon-1309,Jannik Sinner,Quentin Halys,02:23:23,4,10,211,2,1,5,4,2,0,1,2,1,114,97,0,0,0,0,1,0,1,0,0,0,0,0,0,0,0,0,0,0,0,0,0,21.272,18.908,7,4,0,0,0,355,311.523634231262,242.0
2023-wimbledon-1309,Jannik Sinner,Quentin Halys,02:24:10,4,10,212,2,1,5,4,3,0,1,2,2,114,98,0,0,0,0,0,0,0,0,0,0,0,0,0,0,0,0,0,0,0,0,0,7.044,6.011,2,2,0,0,0,355,309.0,243.3374936720174
2023-wimbledon-1309,Jannik Sinner,Quentin Halys,02:24:44,4,10,213,2,1,5,4,3,1,1,2,1,115,98,1,1,0,0,1,0,1,0,0,0,0,0,0,0,0,0,0,0,0,0,0,5.179,6.655,3,4,1,0,0,355,321.73258270215865,243.0
